Timestamp[nanosec],fx[px],fy[px],Frame No.,Exposure time[nanosec],Sensor frame duration[nanosec],Frame readout time[nanosec],ISO,Focal length,Focus distance,AF mode
5042190789516,2836.0657,2836.0657,45169,2898550,33333333,11896875,65,6.92,0.5117707,1
5042224084203,2836.0657,2836.0657,45170,2898550,33333333,11896875,65,6.92,0.5117707,1
5042257378943,2836.0657,2836.0657,45171,2898550,33333333,11896875,65,6.92,0.5117707,1
5042290673682,2836.0657,2836.0657,45172,2898550,33333333,11896875,65,6.92,0.5117707,1
5042323968422,2836.0657,2836.0657,45173,2898550,33333333,11896875,65,6.92,0.5117707,1
5042357263109,2836.0657,2836.0657,45174,2898550,33333333,11896875,65,6.92,0.5117707,1
5042390557849,2836.0657,2836.0657,45175,2898550,33333333,11896875,65,6.92,0.5117707,1
5042423852589,2836.0657,2836.0657,45176,2898550,33333333,11896875,65,6.92,0.5117707,1
5042457147328,2836.0657,2836.0657,45177,2898550,33333333,11896875,65,6.92,0.5117707,1
5042490442016,2836.0657,2836.0657,45178,2898550,33333333,11896875,65,6.92,0.5117707,1
5042523736755,2836.0657,2836.0657,45179,2898550,33333333,11896875,65,6.92,0.5117707,1
5042557031495,2836.0657,2836.0657,45180,2898550,33333333,11896875,65,6.92,0.5117707,1
5042590326234,2836.0657,2836.0657,45181,2898550,33333333,11896875,65,6.92,0.5117707,1
5042623620922,2836.0657,2836.0657,45182,2898550,33333333,11896875,65,6.92,0.5117707,1
5042656915661,2836.0657,2836.0657,45183,2898550,33333333,11896875,65,6.92,0.5117707,1
5042690210401,2836.0657,2836.0657,45184,2898550,33333333,11896875,65,6.92,0.5117707,1
5042723505141,2836.0657,2836.0657,45185,2898550,33333333,11896875,65,6.92,0.5117707,1
5042756799828,2836.0657,2836.0657,45186,2898550,33333333,11896875,65,6.92,0.5117707,1
5042790094568,2836.0657,2836.0657,45187,2898550,33333333,11896875,65,6.92,0.5117707,1
5042823389307,2836.0657,2836.0657,45188,2898550,33333333,11896875,65,6.92,0.5117707,1
5042856684047,2836.0657,2836.0657,45189,2898550,33333333,11896875,65,6.92,0.5117707,1
5042889978734,2836.0657,2836.0657,45190,2898550,33333333,11896875,65,6.92,0.5117707,1
5042923273474,2836.0657,2836.0657,45191,2898550,33333333,11896875,65,6.92,0.5117707,1
5042956568214,2836.0657,2836.0657,45192,2898550,33333333,11896875,65,6.92,0.5117707,1
5042989862953,2836.0657,2836.0657,45193,2898550,33333333,11896875,65,6.92,0.5117707,1
5043023157641,2836.0657,2836.0657,45194,2898550,33333333,11896875,65,6.92,0.5117707,1
5043056452380,2836.0657,2836.0657,45195,2898550,33333333,11896875,65,6.92,0.5117707,1
5043089747120,2836.0657,2836.0657,45196,2898550,33333333,11896875,65,6.92,0.5117707,1
5043123041859,2836.0657,2836.0657,45197,2898550,33333333,11896875,65,6.92,0.5117707,1
5043156336547,2836.0657,2836.0657,45198,2898550,33333333,11896875,65,6.92,0.5117707,1
5043189631286,2836.0657,2836.0657,45199,2898550,33333333,11896875,65,6.92,0.5117707,1
5043222926026,2836.0657,2836.0657,45200,2898550,33333333,11896875,65,6.92,0.5117707,1
5043256220766,2836.0657,2836.0657,45201,2898550,33333333,11896875,65,6.92,0.5117707,1
5043289515453,2836.0657,2836.0657,45202,2898550,33333333,11896875,65,6.92,0.5117707,1
5043322810193,2836.0657,2836.0657,45203,2898550,33333333,11896875,65,6.92,0.5117707,1
5043356104932,2836.0657,2836.0657,45204,2898550,33333333,11896875,65,6.92,0.5117707,1
5043389399672,2836.0657,2836.0657,45205,2898550,33333333,11896875,65,6.92,0.5117707,1
5043422694359,2836.0657,2836.0657,45206,2898550,33333333,11896875,65,6.92,0.5117707,1
5043455989099,2836.0657,2836.0657,45207,2898550,33333333,11896875,65,6.92,0.5117707,1
5043489283839,2836.0657,2836.0657,45208,2898550,33333333,11896875,65,6.92,0.5117707,1
5043522578578,2836.0657,2836.0657,45209,2898550,33333333,11896875,65,6.92,0.5117707,1
5043555873266,2836.0657,2836.0657,45210,2898550,33333333,11896875,65,6.92,0.5117707,1
5043589168005,2836.0657,2836.0657,45211,2898550,33333333,11896875,65,6.92,0.5117707,1
5043622462745,2836.0657,2836.0657,45212,2898550,33333333,11896875,65,6.92,0.5117707,1
5043655757484,2836.0657,2836.0657,45213,2898550,33333333,11896875,65,6.92,0.5117707,1
5043689052172,2836.0657,2836.0657,45214,2898550,33333333,11896875,65,6.92,0.5117707,1
5043722346911,2836.0657,2836.0657,45215,2898550,33333333,11896875,65,6.92,0.5117707,1
5043755641651,2836.0657,2836.0657,45216,2898550,33333333,11896875,65,6.92,0.5117707,1
5043788936391,2836.0657,2836.0657,45217,2898550,33333333,11896875,65,6.92,0.5117707,1
5043822231078,2836.0657,2836.0657,45218,2898550,33333333,11896875,65,6.92,0.5117707,1
5043855525818,2836.0657,2836.0657,45219,2898550,33333333,11896875,65,6.92,0.5117707,1
5043888820557,2836.0657,2836.0657,45220,2898550,33333333,11896875,65,6.92,0.5117707,1
5043922115297,2836.0657,2836.0657,45221,2898550,33333333,11896875,65,6.92,0.5117707,1
5043955409984,2836.0657,2836.0657,45222,2898550,33333333,11896875,65,6.92,0.5117707,1
5043988704724,2836.0657,2836.0657,45223,2898550,33333333,11896875,65,6.92,0.5117707,1
5044021999464,2836.0657,2836.0657,45224,2898550,33333333,11896875,65,6.92,0.5117707,1
5044055294203,2836.0657,2836.0657,45225,2898550,33333333,11896875,65,6.92,0.5117707,1
5044088588891,2836.0657,2836.0657,45226,2898550,33333333,11896875,65,6.92,0.5117707,1
5044121883630,2836.0657,2836.0657,45227,2898550,33333333,11896875,65,6.92,0.5117707,1
5044155178370,2836.0657,2836.0657,45228,2898550,33333333,11896875,65,6.92,0.5117707,1
5044188473109,2836.0657,2836.0657,45229,2898550,33333333,11896875,65,6.92,0.5117707,1
5044221767797,2836.0657,2836.0657,45230,2898550,33333333,11896875,65,6.92,0.5117707,1
5044255062536,2836.0657,2836.0657,45231,2898550,33333333,11896875,65,6.92,0.5117707,1
5044288357276,2836.0657,2836.0657,45232,2898550,33333333,11896875,65,6.92,0.5117707,1
5044321652016,2836.0657,2836.0657,45233,2898550,33333333,11896875,65,6.92,0.5117707,1
5044354946703,2836.0657,2836.0657,45234,2898550,33333333,11896875,65,6.92,0.5117707,1
5044388241443,2836.0657,2836.0657,45235,2898550,33333333,11896875,65,6.92,0.5117707,1
5044421536182,2836.0657,2836.0657,45236,2898550,33333333,11896875,65,6.92,0.5117707,1
5044454830922,2836.0657,2836.0657,45237,2898550,33333333,11896875,65,6.92,0.5117707,1
5044488125609,2836.0657,2836.0657,45238,2898550,33333333,11896875,65,6.92,0.5117707,1
5044521420349,2836.0657,2836.0657,45239,2898550,33333333,11896875,65,6.92,0.5117707,1
5044554715089,2836.0657,2836.0657,45240,2898550,33333333,11896875,65,6.92,0.5117707,1
5044588009828,2836.0657,2836.0657,45241,2898550,33333333,11896875,65,6.92,0.5117707,1
5044621304516,2836.0657,2836.0657,45242,2898550,33333333,11896875,65,6.92,0.5117707,1
5044654599255,2836.0657,2836.0657,45243,2898550,33333333,11896875,65,6.92,0.5117707,1
5044687893995,2836.0657,2836.0657,45244,2898550,33333333,11896875,65,6.92,0.5117707,1
5044721188734,2836.0657,2836.0657,45245,2898550,33333333,11896875,65,6.92,0.5117707,1
5044754483422,2836.0657,2836.0657,45246,2898550,33333333,11896875,65,6.92,0.5117707,1
5044787778161,2836.0657,2836.0657,45247,2898550,33333333,11896875,65,6.92,0.5117707,1
5044821072901,2836.0657,2836.0657,45248,2898550,33333333,11896875,65,6.92,0.5117707,1
5044854367641,2836.0657,2836.0657,45249,2898550,33333333,11896875,65,6.92,0.5117707,1
5044887662328,2836.0657,2836.0657,45250,2898550,33333333,11896875,65,6.92,0.5117707,1
5044920957068,2836.0657,2836.0657,45251,2898550,33333333,11896875,65,6.92,0.5117707,1
5044954251807,2836.0657,2836.0657,45252,2898550,33333333,11896875,65,6.92,0.5117707,1
5044987546547,2836.0657,2836.0657,45253,2898550,33333333,11896875,65,6.92,0.5117707,1
5045020841234,2836.0657,2836.0657,45254,2898550,33333333,11896875,65,6.92,0.5117707,1
5045054135974,2836.0657,2836.0657,45255,2898550,33333333,11896875,65,6.92,0.5117707,1
5045087430714,2836.0657,2836.0657,45256,2898550,33333333,11896875,65,6.92,0.5117707,1
5045120725453,2836.0657,2836.0657,45257,2898550,33333333,11896875,65,6.92,0.5117707,1
5045154020141,2836.0657,2836.0657,45258,2898550,33333333,11896875,65,6.92,0.5117707,1
5045187314880,2836.0657,2836.0657,45259,2898550,33333333,11896875,65,6.92,0.5117707,1
5045220609620,2836.0657,2836.0657,45260,2898550,33333333,11896875,65,6.92,0.5117707,1
5045253904359,2836.0657,2836.0657,45261,2898550,33333333,11896875,65,6.92,0.5117707,1
5045287199047,2836.0657,2836.0657,45262,2898550,33333333,11896875,65,6.92,0.5117707,1
5045320493786,2836.0657,2836.0657,45263,2898550,33333333,11896875,65,6.92,0.5117707,1
5045353788526,2836.0657,2836.0657,45264,2898550,33333333,11896875,65,6.92,0.5117707,1
5045387083266,2836.0657,2836.0657,45265,2898550,33333333,11896875,65,6.92,0.5117707,1
5045420377953,2836.0657,2836.0657,45266,2898550,33333333,11896875,65,6.92,0.5117707,1
5045453672693,2836.0657,2836.0657,45267,2898550,33333333,11896875,65,6.92,0.5117707,1
5045486967432,2836.0657,2836.0657,45268,2898550,33333333,11896875,65,6.92,0.5117707,1
5045520262172,2836.0657,2836.0657,45269,2898550,33333333,11896875,65,6.92,0.5117707,1
5045553556859,2836.0657,2836.0657,45270,2898550,33333333,11896875,65,6.92,0.5117707,1
5045586851599,2836.0657,2836.0657,45271,2898550,33333333,11896875,65,6.92,0.5117707,1
5045620146339,2836.0657,2836.0657,45272,2898550,33333333,11896875,65,6.92,0.5117707,1
5045653441078,2836.0657,2836.0657,45273,2898550,33333333,11896875,65,6.92,0.5117707,1
5045686735766,2836.0657,2836.0657,45274,2898550,33333333,11896875,65,6.92,0.5117707,1
5045720030505,2836.0657,2836.0657,45275,2898550,33333333,11896875,65,6.92,0.5117707,1
5045753325245,2836.0657,2836.0657,45276,2898550,33333333,11896875,65,6.92,0.5117707,1
5045786619984,2836.0657,2836.0657,45277,2898550,33333333,11896875,65,6.92,0.5117707,1
5045819914672,2836.0657,2836.0657,45278,2898550,33333333,11896875,65,6.92,0.5117707,1
5045853209411,2836.0657,2836.0657,45279,2898550,33333333,11896875,65,6.92,0.5117707,1
5045886504151,2836.0657,2836.0657,45280,2898550,33333333,11896875,65,6.92,0.5117707,1
5045919798891,2836.0657,2836.0657,45281,2898550,33333333,11896875,65,6.92,0.5117707,1
5045953093578,2836.0657,2836.0657,45282,2898550,33333333,11896875,65,6.92,0.5117707,1
5045986388318,2836.0657,2836.0657,45283,2898550,33333333,11896875,65,6.92,0.5117707,1
5046019683057,2836.0657,2836.0657,45284,2898550,33333333,11896875,65,6.92,0.5117707,1
5046052977797,2836.0657,2836.0657,45285,2898550,33333333,11896875,65,6.92,0.5117707,1
5046086272484,2836.0657,2836.0657,45286,2898550,33333333,11896875,65,6.92,0.5117707,1
5046119567224,2836.0657,2836.0657,45287,2898550,33333333,11896875,65,6.92,0.5117707,1
5046152861964,2836.0657,2836.0657,45288,2898550,33333333,11896875,65,6.92,0.5117707,1
5046186156703,2836.0657,2836.0657,45289,2898550,33333333,11896875,65,6.92,0.5117707,1
5046219451391,2836.0657,2836.0657,45290,2898550,33333333,11896875,65,6.92,0.5117707,1
5046252746130,2836.0657,2836.0657,45291,2898550,33333333,11896875,65,6.92,0.5117707,1
5046286040870,2836.0657,2836.0657,45292,2898550,33333333,11896875,65,6.92,0.5117707,1
5046319335609,2836.0657,2836.0657,45293,2898550,33333333,11896875,65,6.92,0.5117707,1
5046352630297,2836.0657,2836.0657,45294,2898550,33333333,11896875,65,6.92,0.5117707,1
5046385925036,2836.0657,2836.0657,45295,2898550,33333333,11896875,65,6.92,0.5117707,1
5046419219776,2836.0657,2836.0657,45296,2898550,33333333,11896875,65,6.92,0.5117707,1
5046452514516,2836.0657,2836.0657,45297,2898550,33333333,11896875,65,6.92,0.5117707,1
5046485809203,2836.0657,2836.0657,45298,2898550,33333333,11896875,65,6.92,0.5117707,1
5046519103943,2836.0657,2836.0657,45299,2898550,33333333,11896875,65,6.92,0.5117707,1
5046552398682,2836.0657,2836.0657,45300,2898550,33333333,11896875,65,6.92,0.5117707,1
5046585693422,2836.0657,2836.0657,45301,2898550,33333333,11896875,65,6.92,0.5117707,1
5046618988109,2836.0657,2836.0657,45302,2898550,33333333,11896875,65,6.92,0.5117707,1
5046652282849,2836.0657,2836.0657,45303,2898550,33333333,11896875,65,6.92,0.5117707,1
5046685577589,2836.0657,2836.0657,45304,2898550,33333333,11896875,65,6.92,0.5117707,1
5046718872328,2836.0657,2836.0657,45305,2898550,33333333,11896875,65,6.92,0.5117707,1
5046752167016,2836.0657,2836.0657,45306,2898550,33333333,11896875,65,6.92,0.5117707,1
5046785461755,2836.0657,2836.0657,45307,2898550,33333333,11896875,65,6.92,0.5117707,1
5046818756495,2836.0657,2836.0657,45308,2898550,33333333,11896875,65,6.92,0.5117707,1
5046852051234,2836.0657,2836.0657,45309,2898550,33333333,11896875,65,6.92,0.5117707,1
5046885345922,2836.0657,2836.0657,45310,2898550,33333333,11896875,65,6.92,0.5117707,1
5046918640661,2836.0657,2836.0657,45311,2898550,33333333,11896875,65,6.92,0.5117707,1
5046951935401,2836.0657,2836.0657,45312,2898550,33333333,11896875,65,6.92,0.5117707,1
5046985230141,2836.0657,2836.0657,45313,2898550,33333333,11896875,65,6.92,0.5117707,1
5047018524828,2836.0657,2836.0657,45314,2898550,33333333,11896875,65,6.92,0.5117707,1
5047051819568,2836.0657,2836.0657,45315,2898550,33333333,11896875,65,6.92,0.5117707,1
5047085114307,2836.0657,2836.0657,45316,2898550,33333333,11896875,65,6.92,0.5117707,1
5047118409047,2836.0657,2836.0657,45317,2898550,33333333,11896875,65,6.92,0.5117707,1
5047151703734,2836.0657,2836.0657,45318,2898550,33333333,11896875,65,6.92,0.5117707,1
5047184998474,2836.0657,2836.0657,45319,2898550,33333333,11896875,65,6.92,0.5117707,1
5047218293214,2836.0657,2836.0657,45320,2898550,33333333,11896875,65,6.92,0.5117707,1
5047251587953,2836.0657,2836.0657,45321,2898550,33333333,11896875,65,6.92,0.5117707,1
5047284882641,2836.0657,2836.0657,45322,2898550,33333333,11896875,65,6.92,0.5117707,1
5047318177380,2836.0657,2836.0657,45323,2898550,33333333,11896875,65,6.92,0.5117707,1
5047351472120,2836.0657,2836.0657,45324,2898550,33333333,11896875,65,6.92,0.5117707,1
5047384766859,2836.0657,2836.0657,45325,2898550,33333333,11896875,65,6.92,0.5117707,1
5047418061547,2836.0657,2836.0657,45326,2898550,33333333,11896875,65,6.92,0.5117707,1
5047451356286,2836.0657,2836.0657,45327,2898550,33333333,11896875,65,6.92,0.5117707,1
5047484651026,2836.0657,2836.0657,45328,2898550,33333333,11896875,65,6.92,0.5117707,1
5047517945766,2836.0657,2836.0657,45329,2898550,33333333,11896875,65,6.92,0.5117707,1
5047551240453,2836.0657,2836.0657,45330,2898550,33333333,11896875,65,6.92,0.5117707,1
5047584535193,2836.0657,2836.0657,45331,2898550,33333333,11896875,65,6.92,0.5117707,1
5047617829932,2836.0657,2836.0657,45332,2898550,33333333,11896875,65,6.92,0.5117707,1
5047651124672,2836.0657,2836.0657,45333,2898550,33333333,11896875,65,6.92,0.5117707,1
5047684419359,2836.0657,2836.0657,45334,2898550,33333333,11896875,65,6.92,0.5117707,1
5047717714099,2836.0657,2836.0657,45335,2898550,33333333,11896875,65,6.92,0.5117707,1
5047751008839,2836.0657,2836.0657,45336,2898550,33333333,11896875,65,6.92,0.5117707,1
5047784303578,2836.0657,2836.0657,45337,2898550,33333333,11896875,65,6.92,0.5117707,1
5047817598266,2836.0657,2836.0657,45338,2898550,33333333,11896875,65,6.92,0.5117707,1
5047850893005,2836.0657,2836.0657,45339,2898550,33333333,11896875,65,6.92,0.5117707,1
5047884187745,2836.0657,2836.0657,45340,2898550,33333333,11896875,65,6.92,0.5117707,1
5047917482484,2836.0657,2836.0657,45341,2898550,33333333,11896875,65,6.92,0.5117707,1
5047950777172,2836.0657,2836.0657,45342,2898550,33333333,11896875,65,6.92,0.5117707,1
5047984071911,2836.0657,2836.0657,45343,2898550,33333333,11896875,65,6.92,0.5117707,1
5048017366651,2836.0657,2836.0657,45344,2898550,33333333,11896875,65,6.92,0.5117707,1
5048050661391,2836.0657,2836.0657,45345,2898550,33333333,11896875,65,6.92,0.5117707,1
5048083956078,2836.0657,2836.0657,45346,2898550,33333333,11896875,65,6.92,0.5117707,1
5048117250818,2836.0657,2836.0657,45347,2898550,33333333,11896875,65,6.92,0.5117707,1
5048150545557,2836.0657,2836.0657,45348,2898550,33333333,11896875,65,6.92,0.5117707,1
5048183840297,2836.0657,2836.0657,45349,2898550,33333333,11896875,65,6.92,0.5117707,1
5048217134984,2836.0657,2836.0657,45350,2898550,33333333,11896875,65,6.92,0.5117707,1
5048250429724,2836.0657,2836.0657,45351,2898550,33333333,11896875,65,6.92,0.5117707,1
5048283724464,2836.0657,2836.0657,45352,2898550,33333333,11896875,65,6.92,0.5117707,1
5048317019203,2836.0657,2836.0657,45353,2898550,33333333,11896875,65,6.92,0.5117707,1
5048350313891,2836.0657,2836.0657,45354,2898550,33333333,11896875,65,6.92,0.5117707,1
5048383608630,2836.0657,2836.0657,45355,2898550,33333333,11896875,65,6.92,0.5117707,1
5048416903370,2836.0657,2836.0657,45356,2898550,33333333,11896875,65,6.92,0.5117707,1
5048450198109,2836.0657,2836.0657,45357,2898550,33333333,11896875,65,6.92,0.5117707,1
5048483492797,2836.0657,2836.0657,45358,2898550,33333333,11896875,65,6.92,0.5117707,1
5048516787536,2836.0657,2836.0657,45359,2898550,33333333,11896875,65,6.92,0.5117707,1
5048550082276,2836.0657,2836.0657,45360,2898550,33333333,11896875,65,6.92,0.5117707,1
5048583377016,2836.0657,2836.0657,45361,2898550,33333333,11896875,65,6.92,0.5117707,1
5048616671703,2836.0657,2836.0657,45362,2898550,33333333,11896875,65,6.92,0.5117707,1
5048649966443,2836.0657,2836.0657,45363,2898550,33333333,11896875,65,6.92,0.5117707,1
5048683261182,2836.0657,2836.0657,45364,2898550,33333333,11896875,65,6.92,0.5117707,1
5048716555922,2836.0657,2836.0657,45365,2898550,33333333,11896875,65,6.92,0.5117707,1
5048749850609,2836.0657,2836.0657,45366,2898550,33333333,11896875,65,6.92,0.5117707,1
5048783145349,2836.0657,2836.0657,45367,2898550,33333333,11896875,65,6.92,0.5117707,1
5048816440089,2836.0657,2836.0657,45368,2898550,33333333,11896875,65,6.92,0.5117707,1
5048849734828,2836.0657,2836.0657,45369,2898550,33333333,11896875,65,6.92,0.5117707,1
5048883029516,2836.0657,2836.0657,45370,2898550,33333333,11896875,65,6.92,0.5117707,1
5048916324255,2836.0657,2836.0657,45371,2898550,33333333,11896875,65,6.92,0.5117707,1
5048949618995,2836.0657,2836.0657,45372,2898550,33333333,11896875,65,6.92,0.5117707,1
5048982913734,2836.0657,2836.0657,45373,2898550,33333333,11896875,65,6.92,0.5117707,1
5049016208422,2836.0657,2836.0657,45374,2898550,33333333,11896875,65,6.92,0.5117707,1
5049049503161,2836.0657,2836.0657,45375,2898550,33333333,11896875,65,6.92,0.5117707,1
5049082797901,2836.0657,2836.0657,45376,2898550,33333333,11896875,65,6.92,0.5117707,1
5049116092641,2836.0657,2836.0657,45377,2898550,33333333,11896875,65,6.92,0.5117707,1
5049149387328,2836.0657,2836.0657,45378,2898550,33333333,11896875,65,6.92,0.5117707,1
5049182682068,2836.0657,2836.0657,45379,2898550,33333333,11896875,65,6.92,0.5117707,1
5049215976807,2836.0657,2836.0657,45380,2898550,33333333,11896875,65,6.92,0.5117707,1
5049249271547,2836.0657,2836.0657,45381,2898550,33333333,11896875,65,6.92,0.5117707,1
5049282566234,2836.0657,2836.0657,45382,2898550,33333333,11896875,65,6.92,0.5117707,1
5049315860974,2836.0657,2836.0657,45383,2898550,33333333,11896875,65,6.92,0.5117707,1
5049349155714,2836.0657,2836.0657,45384,2898550,33333333,11896875,65,6.92,0.5117707,1
5049382450453,2836.0657,2836.0657,45385,2898550,33333333,11896875,65,6.92,0.5117707,1
5049415745141,2836.0657,2836.0657,45386,2898550,33333333,11896875,65,6.92,0.5117707,1
5049449039880,2836.0657,2836.0657,45387,2898550,33333333,11896875,65,6.92,0.5117707,1
5049482334620,2836.0657,2836.0657,45388,2898550,33333333,11896875,65,6.92,0.5117707,1
5049515629359,2836.0657,2836.0657,45389,2898550,33333333,11896875,65,6.92,0.5117707,1
5049548924047,2836.0657,2836.0657,45390,2898550,33333333,11896875,65,6.92,0.5117707,1
5049582218786,2836.0657,2836.0657,45391,2898550,33333333,11896875,65,6.92,0.5117707,1
5049615513526,2836.0657,2836.0657,45392,2898550,33333333,11896875,65,6.92,0.5117707,1
5049648808266,2836.0657,2836.0657,45393,2898550,33333333,11896875,65,6.92,0.5117707,1
5049682102953,2836.0657,2836.0657,45394,2898550,33333333,11896875,65,6.92,0.5117707,1
5049715397693,2836.0657,2836.0657,45395,2898550,33333333,11896875,65,6.92,0.5117707,1
5049748692432,2836.0657,2836.0657,45396,2898550,33333333,11896875,65,6.92,0.5117707,1
5049781987172,2836.0657,2836.0657,45397,2898550,33333333,11896875,65,6.92,0.5117707,1
5049815281859,2836.0657,2836.0657,45398,2898550,33333333,11896875,65,6.92,0.5117707,1
5049848576599,2836.0657,2836.0657,45399,2898550,33333333,11896875,65,6.92,0.5117707,1
5049881871339,2836.0657,2836.0657,45400,2898550,33333333,11896875,65,6.92,0.5117707,1
5049915166078,2836.0657,2836.0657,45401,2898550,33333333,11896875,65,6.92,0.5117707,1
5049948460766,2836.0657,2836.0657,45402,2898550,33333333,11896875,65,6.92,0.5117707,1
5049981755505,2836.0657,2836.0657,45403,2898550,33333333,11896875,65,6.92,0.5117707,1
5050015050245,2836.0657,2836.0657,45404,2898550,33333333,11896875,65,6.92,0.5117707,1
5050048344984,2836.0657,2836.0657,45405,2898550,33333333,11896875,65,6.92,0.5117707,1
5050081639672,2836.0657,2836.0657,45406,2898550,33333333,11896875,65,6.92,0.5117707,1
5050114934411,2836.0657,2836.0657,45407,2898550,33333333,11896875,65,6.92,0.5117707,1
5050148229151,2836.0657,2836.0657,45408,2898550,33333333,11896875,65,6.92,0.5117707,1
5050181523891,2836.0657,2836.0657,45409,2898550,33333333,11896875,65,6.92,0.5117707,1
5050214818578,2836.0657,2836.0657,45410,2898550,33333333,11896875,65,6.92,0.5117707,1
5050248113318,2836.0657,2836.0657,45411,2898550,33333333,11896875,65,6.92,0.5117707,1
5050281408057,2836.0657,2836.0657,45412,2898550,33333333,11896875,65,6.92,0.5117707,1
5050314702797,2836.0657,2836.0657,45413,2898550,33333333,11896875,65,6.92,0.5117707,1
5050347997484,2836.0657,2836.0657,45414,2898550,33333333,11896875,65,6.92,0.5117707,1
5050381292224,2836.0657,2836.0657,45415,2898550,33333333,11896875,65,6.92,0.5117707,1
5050414586964,2836.0657,2836.0657,45416,2898550,33333333,11896875,65,6.92,0.5117707,1
5050447881703,2836.0657,2836.0657,45417,2898550,33333333,11896875,65,6.92,0.5117707,1
5050481176391,2836.0657,2836.0657,45418,2898550,33333333,11896875,65,6.92,0.5117707,1
5050514471130,2836.0657,2836.0657,45419,2898550,33333333,11896875,65,6.92,0.5117707,1
5050547765870,2836.0657,2836.0657,45420,2898550,33333333,11896875,65,6.92,0.5117707,1
5050581060609,2836.0657,2836.0657,45421,2898550,33333333,11896875,65,6.92,0.5117707,1
5050614355297,2836.0657,2836.0657,45422,2898550,33333333,11896875,65,6.92,0.5117707,1
5050647650036,2836.0657,2836.0657,45423,2898550,33333333,11896875,65,6.92,0.5117707,1
5050680944776,2836.0657,2836.0657,45424,2898550,33333333,11896875,65,6.92,0.5117707,1
5050714239516,2836.0657,2836.0657,45425,2898550,33333333,11896875,65,6.92,0.5117707,1
5050747534203,2836.0657,2836.0657,45426,2898550,33333333,11896875,65,6.92,0.5117707,1
5050780828943,2836.0657,2836.0657,45427,2898550,33333333,11896875,65,6.92,0.5117707,1
5050814123682,2836.0657,2836.0657,45428,2898550,33333333,11896875,65,6.92,0.5117707,1
5050847418422,2836.0657,2836.0657,45429,2898550,33333333,11896875,65,6.92,0.5117707,1
5050880713109,2836.0657,2836.0657,45430,2898550,33333333,11896875,65,6.92,0.5117707,1
5050914007849,2836.0657,2836.0657,45431,2898550,33333333,11896875,65,6.92,0.5117707,1
5050947302589,2836.0657,2836.0657,45432,2898550,33333333,11896875,65,6.92,0.5117707,1
5050980597328,2836.0657,2836.0657,45433,2898550,33333333,11896875,65,6.92,0.5117707,1
5051013892016,2836.0657,2836.0657,45434,2898550,33333333,11896875,65,6.92,0.5117707,1
5051047186755,2836.0657,2836.0657,45435,2898550,33333333,11896875,65,6.92,0.5117707,1
5051080481495,2836.0657,2836.0657,45436,2898550,33333333,11896875,65,6.92,0.5117707,1
5051113776234,2836.0657,2836.0657,45437,2898550,33333333,11896875,65,6.92,0.5117707,1
5051147070922,2836.0657,2836.0657,45438,2898550,33333333,11896875,65,6.92,0.5117707,1
5051180365661,2836.0657,2836.0657,45439,2898550,33333333,11896875,65,6.92,0.5117707,1
5051213660401,2836.0657,2836.0657,45440,2898550,33333333,11896875,65,6.92,0.5117707,1
5051246955141,2836.0657,2836.0657,45441,2898550,33333333,11896875,65,6.92,0.5117707,1
5051280249828,2836.0657,2836.0657,45442,2898550,33333333,11896875,65,6.92,0.5117707,1
5051313544568,2836.0657,2836.0657,45443,2898550,33333333,11896875,65,6.92,0.5117707,1
5051346839307,2836.0657,2836.0657,45444,2898550,33333333,11896875,65,6.92,0.5117707,1
5051380134047,2836.0657,2836.0657,45445,2898550,33333333,11896875,65,6.92,0.5117707,1
5051413428734,2836.0657,2836.0657,45446,2898550,33333333,11896875,65,6.92,0.5117707,1
5051446723474,2836.0657,2836.0657,45447,2898550,33333333,11896875,65,6.92,0.5117707,1
5051480018214,2836.0657,2836.0657,45448,2898550,33333333,11896875,65,6.92,0.5117707,1
5051513312953,2836.0657,2836.0657,45449,2898550,33333333,11896875,65,6.92,0.5117707,1
5051546607641,2836.0657,2836.0657,45450,2898550,33333333,11896875,65,6.92,0.5117707,1
5051579902380,2836.0657,2836.0657,45451,2898550,33333333,11896875,65,6.92,0.5117707,1
5051613197120,2836.0657,2836.0657,45452,2898550,33333333,11896875,65,6.92,0.5117707,1
5051646491859,2836.0657,2836.0657,45453,2898550,33333333,11896875,65,6.92,0.5117707,1
5051679786547,2836.0657,2836.0657,45454,2898550,33333333,11896875,65,6.92,0.5117707,1
5051713081286,2836.0657,2836.0657,45455,2898550,33333333,11896875,65,6.92,0.5117707,1
5051746376026,2836.0657,2836.0657,45456,2898550,33333333,11896875,65,6.92,0.5117707,1
5051779670766,2836.0657,2836.0657,45457,2898550,33333333,11896875,65,6.92,0.5117707,1
5051812965453,2836.0657,2836.0657,45458,2898550,33333333,11896875,65,6.92,0.5117707,1
5051846260193,2836.0657,2836.0657,45459,2898550,33333333,11896875,65,6.92,0.5117707,1
5051879554932,2836.0657,2836.0657,45460,2898550,33333333,11896875,65,6.92,0.5117707,1
5051912849672,2836.0657,2836.0657,45461,2898550,33333333,11896875,65,6.92,0.5117707,1
5051946144359,2836.0657,2836.0657,45462,2898550,33333333,11896875,65,6.92,0.5117707,1
5051979439099,2836.0657,2836.0657,45463,2898550,33333333,11896875,65,6.92,0.5117707,1
5052012733839,2836.0657,2836.0657,45464,2898550,33333333,11896875,65,6.92,0.5117707,1
5052046028578,2836.0657,2836.0657,45465,2898550,33333333,11896875,65,6.92,0.5117707,1
5052079323266,2836.0657,2836.0657,45466,2898550,33333333,11896875,65,6.92,0.5117707,1
5052112618005,2836.0657,2836.0657,45467,2898550,33333333,11896875,65,6.92,0.5117707,1
5052145912745,2836.0657,2836.0657,45468,2898550,33333333,11896875,65,6.92,0.5117707,1
5052179207484,2836.0657,2836.0657,45469,2898550,33333333,11896875,65,6.92,0.5117707,1
5052212502172,2836.0657,2836.0657,45470,2898550,33333333,11896875,65,6.92,0.5117707,1
5052245796911,2836.0657,2836.0657,45471,2898550,33333333,11896875,65,6.92,0.5117707,1
5052279091651,2836.0657,2836.0657,45472,2898550,33333333,11896875,65,6.92,0.5117707,1
5052312386391,2836.0657,2836.0657,45473,2898550,33333333,11896875,65,6.92,0.5117707,1
5052345681078,2836.0657,2836.0657,45474,2898550,33333333,11896875,65,6.92,0.5117707,1
5052378975818,2836.0657,2836.0657,45475,2898550,33333333,11896875,65,6.92,0.5117707,1
5052412270557,2836.0657,2836.0657,45476,2898550,33333333,11896875,65,6.92,0.5117707,1
5052445565297,2836.0657,2836.0657,45477,2898550,33333333,11896875,65,6.92,0.5117707,1
5052478859984,2836.0657,2836.0657,45478,2898550,33333333,11896875,65,6.92,0.5117707,1
5052512154724,2836.0657,2836.0657,45479,2898550,33333333,11896875,65,6.92,0.5117707,1
5052545449464,2836.0657,2836.0657,45480,2898550,33333333,11896875,65,6.92,0.5117707,1
5052578744203,2836.0657,2836.0657,45481,2898550,33333333,11896875,65,6.92,0.5117707,1
5052612038891,2836.0657,2836.0657,45482,2898550,33333333,11896875,65,6.92,0.5117707,1
5052645333630,2836.0657,2836.0657,45483,2898550,33333333,11896875,65,6.92,0.5117707,1
5052678628370,2836.0657,2836.0657,45484,2898550,33333333,11896875,65,6.92,0.5117707,1
5052711923109,2836.0657,2836.0657,45485,2898550,33333333,11896875,65,6.92,0.5117707,1
5052745217797,2836.0657,2836.0657,45486,2898550,33333333,11896875,65,6.92,0.5117707,1
5052778512536,2836.0657,2836.0657,45487,2898550,33333333,11896875,65,6.92,0.5117707,1
5052811807276,2836.0657,2836.0657,45488,2898550,33333333,11896875,65,6.92,0.5117707,1
5052845102016,2836.0657,2836.0657,45489,2898550,33333333,11896875,65,6.92,0.5117707,1
5052878396703,2836.0657,2836.0657,45490,2898550,33333333,11896875,65,6.92,0.5117707,1
5052911691443,2836.0657,2836.0657,45491,2898550,33333333,11896875,65,6.92,0.5117707,1
5052944986182,2836.0657,2836.0657,45492,2898550,33333333,11896875,65,6.92,0.5117707,1
5052978280922,2836.0657,2836.0657,45493,2898550,33333333,11896875,65,6.92,0.5117707,1
5053011575609,2836.0657,2836.0657,45494,2898550,33333333,11896875,65,6.92,0.5117707,1
5053044870349,2836.0657,2836.0657,45495,2898550,33333333,11896875,65,6.92,0.5117707,1
5053078165089,2836.0657,2836.0657,45496,2898550,33333333,11896875,65,6.92,0.5117707,1
5053111459828,2836.0657,2836.0657,45497,2898550,33333333,11896875,65,6.92,0.5117707,1
5053144754516,2836.0657,2836.0657,45498,2898550,33333333,11896875,65,6.92,0.5117707,1
5053178049255,2836.0657,2836.0657,45499,2898550,33333333,11896875,65,6.92,0.5117707,1
5053211343995,2836.0657,2836.0657,45500,2898550,33333333,11896875,65,6.92,0.5117707,1
5053244638734,2836.0657,2836.0657,45501,2898550,33333333,11896875,65,6.92,0.5117707,1
5053277933422,2836.0657,2836.0657,45502,2898550,33333333,11896875,65,6.92,0.5117707,1
5053311228161,2836.0657,2836.0657,45503,2898550,33333333,11896875,65,6.92,0.5117707,1
5053344522901,2836.0657,2836.0657,45504,2898550,33333333,11896875,65,6.92,0.5117707,1
5053377817641,2836.0657,2836.0657,45505,2898550,33333333,11896875,65,6.92,0.5117707,1
5053411112328,2836.0657,2836.0657,45506,2898550,33333333,11896875,65,6.92,0.5117707,1
5053444407068,2836.0657,2836.0657,45507,2898550,33333333,11896875,65,6.92,0.5117707,1
5053477701807,2836.0657,2836.0657,45508,2898550,33333333,11896875,65,6.92,0.5117707,1
5053510996547,2836.0657,2836.0657,45509,2898550,33333333,11896875,65,6.92,0.5117707,1
5053544291234,2836.0657,2836.0657,45510,2898550,33333333,11896875,65,6.92,0.5117707,1
5053577585974,2836.0657,2836.0657,45511,2898550,33333333,11896875,65,6.92,0.5117707,1
5053610880714,2836.0657,2836.0657,45512,2898550,33333333,11896875,65,6.92,0.5117707,1
5053644175453,2836.0657,2836.0657,45513,2898550,33333333,11896875,65,6.92,0.5117707,1
5053677470141,2836.0657,2836.0657,45514,2898550,33333333,11896875,65,6.92,0.5117707,1
5053710764880,2836.0657,2836.0657,45515,2898550,33333333,11896875,65,6.92,0.5117707,1
5053744059620,2836.0657,2836.0657,45516,2898550,33333333,11896875,65,6.92,0.5117707,1
5053777354359,2836.0657,2836.0657,45517,2898550,33333333,11896875,65,6.92,0.5117707,1
5053810649047,2836.0657,2836.0657,45518,2898550,33333333,11896875,65,6.92,0.5117707,1
5053843943786,2836.0657,2836.0657,45519,2898550,33333333,11896875,65,6.92,0.5117707,1
5053877238526,2836.0657,2836.0657,45520,2898550,33333333,11896875,65,6.92,0.5117707,1
5053910533266,2836.0657,2836.0657,45521,2898550,33333333,11896875,65,6.92,0.5117707,1
5053943827953,2836.0657,2836.0657,45522,2898550,33333333,11896875,65,6.92,0.5117707,1
5053977122693,2836.0657,2836.0657,45523,2898550,33333333,11896875,65,6.92,0.5117707,1
5054010417432,2836.0657,2836.0657,45524,2898550,33333333,11896875,65,6.92,0.5117707,1
5054043712172,2836.0657,2836.0657,45525,2898550,33333333,11896875,65,6.92,0.5117707,1
5054077006859,2836.0657,2836.0657,45526,2898550,33333333,11896875,65,6.92,0.5117707,1
5054110301599,2836.0657,2836.0657,45527,2898550,33333333,11896875,65,6.92,0.5117707,1
5054143596339,2836.0657,2836.0657,45528,2898550,33333333,11896875,65,6.92,0.5117707,1
5054176891078,2836.0657,2836.0657,45529,2898550,33333333,11896875,65,6.92,0.5117707,1
5054210185766,2836.0657,2836.0657,45530,2898550,33333333,11896875,65,6.92,0.5117707,1
5054243480505,2836.0657,2836.0657,45531,2898550,33333333,11896875,65,6.92,0.5117707,1
5054276775245,2836.0657,2836.0657,45532,2898550,33333333,11896875,65,6.92,0.5117707,1
5054310069984,2836.0657,2836.0657,45533,2898550,33333333,11896875,65,6.92,0.5117707,1
5054343364672,2836.0657,2836.0657,45534,2898550,33333333,11896875,65,6.92,0.5117707,1
5054376659411,2836.0657,2836.0657,45535,2898550,33333333,11896875,65,6.92,0.5117707,1
5054409954151,2836.0657,2836.0657,45536,2898550,33333333,11896875,65,6.92,0.5117707,1
5054443248891,2836.0657,2836.0657,45537,2898550,33333333,11896875,65,6.92,0.5117707,1
5054476543578,2836.0657,2836.0657,45538,2898550,33333333,11896875,65,6.92,0.5117707,1
5054509838318,2836.0657,2836.0657,45539,2898550,33333333,11896875,65,6.92,0.5117707,1
5054543133057,2836.0657,2836.0657,45540,2898550,33333333,11896875,65,6.92,0.5117707,1
5054576427797,2836.0657,2836.0657,45541,2898550,33333333,11896875,65,6.92,0.5117707,1
5054609722484,2836.0657,2836.0657,45542,2898550,33333333,11896875,65,6.92,0.5117707,1
5054643017224,2836.0657,2836.0657,45543,2898550,33333333,11896875,65,6.92,0.5117707,1
5054676311964,2836.0657,2836.0657,45544,2898550,33333333,11896875,65,6.92,0.5117707,1
5054709606703,2836.0657,2836.0657,45545,2898550,33333333,11896875,65,6.92,0.5117707,1
5054742901391,2836.0657,2836.0657,45546,2898550,33333333,11896875,65,6.92,0.5117707,1
5054776196130,2836.0657,2836.0657,45547,2898550,33333333,11896875,65,6.92,0.5117707,1
5054809490870,2836.0657,2836.0657,45548,2898550,33333333,11896875,65,6.92,0.5117707,1
5054842785609,2836.0657,2836.0657,45549,2898550,33333333,11896875,65,6.92,0.5117707,1
5054876080297,2836.0657,2836.0657,45550,2898550,33333333,11896875,65,6.92,0.5117707,1
5054909375036,2836.0657,2836.0657,45551,2898550,33333333,11896875,65,6.92,0.5117707,1
5054942669776,2836.0657,2836.0657,45552,2898550,33333333,11896875,65,6.92,0.5117707,1
5054975964516,2836.0657,2836.0657,45553,2898550,33333333,11896875,65,6.92,0.5117707,1
5055009259203,2836.0657,2836.0657,45554,2898550,33333333,11896875,65,6.92,0.5117707,1
5055042553943,2836.0657,2836.0657,45555,2898550,33333333,11896875,65,6.92,0.5117707,1
5055075848682,2836.0657,2836.0657,45556,2898550,33333333,11896875,65,6.92,0.5117707,1
5055109143422,2836.0657,2836.0657,45557,2898550,33333333,11896875,65,6.92,0.5117707,1
5055142438109,2836.0657,2836.0657,45558,2898550,33333333,11896875,65,6.92,0.5117707,1
5055175732849,2836.0657,2836.0657,45559,2898550,33333333,11896875,65,6.92,0.5117707,1
5055209027589,2836.0657,2836.0657,45560,2898550,33333333,11896875,65,6.92,0.5117707,1
5055242322328,2836.0657,2836.0657,45561,2898550,33333333,11896875,65,6.92,0.5117707,1
5055275617016,2836.0657,2836.0657,45562,2898550,33333333,11896875,65,6.92,0.5117707,1
5055308911755,2836.0657,2836.0657,45563,2898550,33333333,11896875,65,6.92,0.5117707,1
5055342206495,2836.0657,2836.0657,45564,2898550,33333333,11896875,65,6.92,0.5117707,1
5055375501234,2836.0657,2836.0657,45565,2898550,33333333,11896875,65,6.92,0.5117707,1
5055408795922,2836.0657,2836.0657,45566,2898550,33333333,11896875,65,6.92,0.5117707,1
5055442090661,2836.0657,2836.0657,45567,2898550,33333333,11896875,65,6.92,0.5117707,1
5055475385401,2836.0657,2836.0657,45568,2898550,33333333,11896875,65,6.92,0.5117707,1
5055508680141,2836.0657,2836.0657,45569,2898550,33333333,11896875,65,6.92,0.5117707,1
5055541974828,2836.0657,2836.0657,45570,2898550,33333333,11896875,65,6.92,0.5117707,1
5055575269568,2836.0657,2836.0657,45571,2898550,33333333,11896875,65,6.92,0.5117707,1
5055608564307,2836.0657,2836.0657,45572,2898550,33333333,11896875,65,6.92,0.5117707,1
5055641859047,2836.0657,2836.0657,45573,2898550,33333333,11896875,65,6.92,0.5117707,1
5055675153734,2836.0657,2836.0657,45574,2898550,33333333,11896875,65,6.92,0.5117707,1
5055708448474,2836.0657,2836.0657,45575,2898550,33333333,11896875,65,6.92,0.5117707,1
5055741743214,2836.0657,2836.0657,45576,2898550,33333333,11896875,65,6.92,0.5117707,1
5055775037953,2836.0657,2836.0657,45577,2898550,33333333,11896875,65,6.92,0.5117707,1
5055808332641,2836.0657,2836.0657,45578,2898550,33333333,11896875,65,6.92,0.5117707,1
5055841627380,2836.0657,2836.0657,45579,2898550,33333333,11896875,65,6.92,0.5117707,1
5055874922120,2836.0657,2836.0657,45580,2898550,33333333,11896875,65,6.92,0.5117707,1
5055908216859,2836.0657,2836.0657,45581,2898550,33333333,11896875,65,6.92,0.5117707,1
5055941511547,2836.0657,2836.0657,45582,2898550,33333333,11896875,65,6.92,0.5117707,1
5055974806286,2836.0657,2836.0657,45583,2898550,33333333,11896875,65,6.92,0.5117707,1
5056008101026,2836.0657,2836.0657,45584,2898550,33333333,11896875,65,6.92,0.5117707,1
5056041395766,2836.0657,2836.0657,45585,2898550,33333333,11896875,65,6.92,0.5117707,1
5056074690453,2836.0657,2836.0657,45586,2898550,33333333,11896875,65,6.92,0.5117707,1
5056107985193,2836.0657,2836.0657,45587,2898550,33333333,11896875,65,6.92,0.5117707,1
5056141279932,2836.0657,2836.0657,45588,2898550,33333333,11896875,65,6.92,0.5117707,1
5056174574672,2836.0657,2836.0657,45589,2898550,33333333,11896875,65,6.92,0.5117707,1
5056207869359,2836.0657,2836.0657,45590,2898550,33333333,11896875,65,6.92,0.5117707,1
5056241164099,2836.0657,2836.0657,45591,2898550,33333333,11896875,65,6.92,0.5117707,1
5056274458839,2836.0657,2836.0657,45592,2898550,33333333,11896875,65,6.92,0.5117707,1
5056307753578,2836.0657,2836.0657,45593,2898550,33333333,11896875,65,6.92,0.5117707,1
5056341048266,2836.0657,2836.0657,45594,2898550,33333333,11896875,65,6.92,0.5117707,1
5056374343005,2836.0657,2836.0657,45595,2898550,33333333,11896875,65,6.92,0.5117707,1
5056407637745,2836.0657,2836.0657,45596,2898550,33333333,11896875,65,6.92,0.5117707,1
5056440932484,2836.0657,2836.0657,45597,2898550,33333333,11896875,65,6.92,0.5117707,1
5056474227172,2836.0657,2836.0657,45598,2898550,33333333,11896875,65,6.92,0.5117707,1
5056507521911,2836.0657,2836.0657,45599,2898550,33333333,11896875,65,6.92,0.5117707,1
5056540816651,2836.0657,2836.0657,45600,2898550,33333333,11896875,65,6.92,0.5117707,1
5056574111391,2836.0657,2836.0657,45601,2898550,33333333,11896875,65,6.92,0.5117707,1
5056607406078,2836.0657,2836.0657,45602,2898550,33333333,11896875,65,6.92,0.5117707,1
5056640700818,2836.0657,2836.0657,45603,2898550,33333333,11896875,65,6.92,0.5117707,1
5056673995557,2836.0657,2836.0657,45604,2898550,33333333,11896875,65,6.92,0.5117707,1
5056707290297,2836.0657,2836.0657,45605,2898550,33333333,11896875,65,6.92,0.5117707,1
5056740584984,2836.0657,2836.0657,45606,2898550,33333333,11896875,65,6.92,0.5117707,1
5056773879724,2836.0657,2836.0657,45607,2898550,33333333,11896875,65,6.92,0.5117707,1
5056807174464,2836.0657,2836.0657,45608,2898550,33333333,11896875,65,6.92,0.5117707,1
5056840469203,2836.0657,2836.0657,45609,2898550,33333333,11896875,65,6.92,0.5117707,1
5056873763891,2836.0657,2836.0657,45610,2898550,33333333,11896875,65,6.92,0.5117707,1
5056907058630,2836.0657,2836.0657,45611,2898550,33333333,11896875,65,6.92,0.5117707,1
5056940353370,2836.0657,2836.0657,45612,2898550,33333333,11896875,65,6.92,0.5117707,1
5056973648109,2836.0657,2836.0657,45613,2898550,33333333,11896875,65,6.92,0.5117707,1
5057006942797,2836.0657,2836.0657,45614,2898550,33333333,11896875,65,6.92,0.5117707,1
5057040237536,2836.0657,2836.0657,45615,2898550,33333333,11896875,65,6.92,0.5117707,1
5057073532276,2836.0657,2836.0657,45616,2898550,33333333,11896875,65,6.92,0.5117707,1
5057106827016,2836.0657,2836.0657,45617,2898550,33333333,11896875,65,6.92,0.5117707,1
5057140121703,2836.0657,2836.0657,45618,2898550,33333333,11896875,65,6.92,0.5117707,1
5057173416443,2836.0657,2836.0657,45619,2898550,33333333,11896875,65,6.92,0.5117707,1
5057206711182,2836.0657,2836.0657,45620,2898550,33333333,11896875,65,6.92,0.5117707,1
5057240005922,2836.0657,2836.0657,45621,2898550,33333333,11896875,65,6.92,0.5117707,1
5057273300609,2836.0657,2836.0657,45622,2898550,33333333,11896875,65,6.92,0.5117707,1
5057306595349,2836.0657,2836.0657,45623,2898550,33333333,11896875,65,6.92,0.5117707,1
5057339890089,2836.0657,2836.0657,45624,2898550,33333333,11896875,65,6.92,0.5117707,1
5057373184828,2836.0657,2836.0657,45625,2898550,33333333,11896875,65,6.92,0.5117707,1
5057406479516,2836.0657,2836.0657,45626,2898550,33333333,11896875,65,6.92,0.5117707,1
5057439774255,2836.0657,2836.0657,45627,2898550,33333333,11896875,65,6.92,0.5117707,1
5057473068995,2836.0657,2836.0657,45628,2898550,33333333,11896875,65,6.92,0.5117707,1
5057506363734,2836.0657,2836.0657,45629,2898550,33333333,11896875,65,6.92,0.5117707,1
5057539658422,2836.0657,2836.0657,45630,2898550,33333333,11896875,65,6.92,0.5117707,1
5057572953161,2836.0657,2836.0657,45631,2898550,33333333,11896875,65,6.92,0.5117707,1
5057606247901,2836.0657,2836.0657,45632,2898550,33333333,11896875,65,6.92,0.5117707,1
5057639542641,2836.0657,2836.0657,45633,2898550,33333333,11896875,65,6.92,0.5117707,1
5057672837328,2836.0657,2836.0657,45634,2898550,33333333,11896875,65,6.92,0.5117707,1
5057706132068,2836.0657,2836.0657,45635,2898550,33333333,11896875,65,6.92,0.5117707,1
5057739426807,2836.0657,2836.0657,45636,2898550,33333333,11896875,65,6.92,0.5117707,1
5057772721547,2836.0657,2836.0657,45637,2898550,33333333,11896875,65,6.92,0.5117707,1
5057806016234,2836.0657,2836.0657,45638,2898550,33333333,11896875,65,6.92,0.5117707,1
5057839310974,2836.0657,2836.0657,45639,2898550,33333333,11896875,65,6.92,0.5117707,1
5057872605714,2836.0657,2836.0657,45640,2898550,33333333,11896875,65,6.92,0.5117707,1
5057905900453,2836.0657,2836.0657,45641,2898550,33333333,11896875,65,6.92,0.5117707,1
5057939195141,2836.0657,2836.0657,45642,2898550,33333333,11896875,65,6.92,0.5117707,1
5057972489880,2836.0657,2836.0657,45643,2898550,33333333,11896875,65,6.92,0.5117707,1
5058005784620,2836.0657,2836.0657,45644,2898550,33333333,11896875,65,6.92,0.5117707,1
5058039079359,2836.0657,2836.0657,45645,2898550,33333333,11896875,65,6.92,0.5117707,1
5058072374047,2836.0657,2836.0657,45646,2898550,33333333,11896875,65,6.92,0.5117707,1
5058105668786,2836.0657,2836.0657,45647,2898550,33333333,11896875,65,6.92,0.5117707,1
5058138963526,2836.0657,2836.0657,45648,2898550,33333333,11896875,65,6.92,0.5117707,1
5058172258266,2836.0657,2836.0657,45649,2898550,33333333,11896875,65,6.92,0.5117707,1
5058205552953,2836.0657,2836.0657,45650,2898550,33333333,11896875,65,6.92,0.5117707,1
5058238847693,2836.0657,2836.0657,45651,2898550,33333333,11896875,65,6.92,0.5117707,1
5058272142432,2836.0657,2836.0657,45652,2898550,33333333,11896875,65,6.92,0.5117707,1
5058305437172,2836.0657,2836.0657,45653,2898550,33333333,11896875,65,6.92,0.5117707,1
5058338731859,2836.0657,2836.0657,45654,2898550,33333333,11896875,65,6.92,0.5117707,1
5058372026599,2836.0657,2836.0657,45655,2898550,33333333,11896875,65,6.92,0.5117707,1
5058405321339,2836.0657,2836.0657,45656,2898550,33333333,11896875,65,6.92,0.5117707,1
5058438616078,2836.0657,2836.0657,45657,2898550,33333333,11896875,65,6.92,0.5117707,1
5058471910766,2836.0657,2836.0657,45658,2898550,33333333,11896875,65,6.92,0.5117707,1
5058505205505,2836.0657,2836.0657,45659,2898550,33333333,11896875,65,6.92,0.5117707,1
5058538500245,2836.0657,2836.0657,45660,2898550,33333333,11896875,65,6.92,0.5117707,1
5058571794984,2836.0657,2836.0657,45661,2898550,33333333,11896875,65,6.92,0.5117707,1
5058605089672,2836.0657,2836.0657,45662,2898550,33333333,11896875,65,6.92,0.5117707,1
5058638384411,2836.0657,2836.0657,45663,2898550,33333333,11896875,65,6.92,0.5117707,1
5058671679151,2836.0657,2836.0657,45664,2898550,33333333,11896875,65,6.92,0.5117707,1
5058704973891,2836.0657,2836.0657,45665,2898550,33333333,11896875,65,6.92,0.5117707,1
5058738268578,2836.0657,2836.0657,45666,2898550,33333333,11896875,65,6.92,0.5117707,1
5058771563318,2836.0657,2836.0657,45667,2898550,33333333,11896875,65,6.92,0.5117707,1
5058804858057,2836.0657,2836.0657,45668,2898550,33333333,11896875,65,6.92,0.5117707,1
5058838152797,2836.0657,2836.0657,45669,2898550,33333333,11896875,65,6.92,0.5117707,1
5058871447484,2836.0657,2836.0657,45670,2898550,33333333,11896875,65,6.92,0.5117707,1
5058904742224,2836.0657,2836.0657,45671,2898550,33333333,11896875,65,6.92,0.5117707,1
5058938036964,2836.0657,2836.0657,45672,2898550,33333333,11896875,65,6.92,0.5117707,1
5058971331703,2836.0657,2836.0657,45673,2898550,33333333,11896875,65,6.92,0.5117707,1
5059004626391,2836.0657,2836.0657,45674,2898550,33333333,11896875,65,6.92,0.5117707,1
5059037921130,2836.0657,2836.0657,45675,2898550,33333333,11896875,65,6.92,0.5117707,1
5059071215870,2836.0657,2836.0657,45676,2898550,33333333,11896875,65,6.92,0.5117707,1
5059104510609,2836.0657,2836.0657,45677,2898550,33333333,11896875,65,6.92,0.5117707,1
5059137805297,2836.0657,2836.0657,45678,2898550,33333333,11896875,65,6.92,0.5117707,1
5059171100036,2836.0657,2836.0657,45679,2898550,33333333,11896875,65,6.92,0.5117707,1
5059204394776,2836.0657,2836.0657,45680,2898550,33333333,11896875,65,6.92,0.5117707,1
5059237689516,2836.0657,2836.0657,45681,2898550,33333333,11896875,65,6.92,0.5117707,1
5059270984203,2836.0657,2836.0657,45682,2898550,33333333,11896875,65,6.92,0.5117707,1
5059304278943,2836.0657,2836.0657,45683,2898550,33333333,11896875,65,6.92,0.5117707,1
5059337573682,2836.0657,2836.0657,45684,2898550,33333333,11896875,65,6.92,0.5117707,1
5059370868422,2836.0657,2836.0657,45685,2898550,33333333,11896875,65,6.92,0.5117707,1
5059404163109,2836.0657,2836.0657,45686,2898550,33333333,11896875,65,6.92,0.5117707,1
5059437457849,2836.0657,2836.0657,45687,2898550,33333333,11896875,65,6.92,0.5117707,1
5059470752589,2836.0657,2836.0657,45688,2898550,33333333,11896875,65,6.92,0.5117707,1
5059504047328,2836.0657,2836.0657,45689,2898550,33333333,11896875,65,6.92,0.5117707,1
5059537342016,2836.0657,2836.0657,45690,2898550,33333333,11896875,65,6.92,0.5117707,1
5059570636755,2836.0657,2836.0657,45691,2898550,33333333,11896875,65,6.92,0.5117707,1
5059603931495,2836.0657,2836.0657,45692,2898550,33333333,11896875,65,6.92,0.5117707,1
5059637226234,2836.0657,2836.0657,45693,2898550,33333333,11896875,65,6.92,0.5117707,1
5059670520922,2836.0657,2836.0657,45694,2898550,33333333,11896875,65,6.92,0.5117707,1
5059703815661,2836.0657,2836.0657,45695,2898550,33333333,11896875,65,6.92,0.5117707,1
5059737110401,2836.0657,2836.0657,45696,2898550,33333333,11896875,65,6.92,0.5117707,1
5059770405141,2836.0657,2836.0657,45697,2898550,33333333,11896875,65,6.92,0.5117707,1
5059803699828,2836.0657,2836.0657,45698,2898550,33333333,11896875,65,6.92,0.5117707,1
5059836994568,2836.0657,2836.0657,45699,2898550,33333333,11896875,65,6.92,0.5117707,1
5059870289307,2836.0657,2836.0657,45700,2898550,33333333,11896875,65,6.92,0.5117707,1
5059903584047,2836.0657,2836.0657,45701,2898550,33333333,11896875,65,6.92,0.5117707,1
5059936878734,2836.0657,2836.0657,45702,2898550,33333333,11896875,65,6.92,0.5117707,1
5059970173474,2836.0657,2836.0657,45703,2898550,33333333,11896875,65,6.92,0.5117707,1
5060003468214,2836.0657,2836.0657,45704,2898550,33333333,11896875,65,6.92,0.5117707,1
5060036762953,2836.0657,2836.0657,45705,2898550,33333333,11896875,65,6.92,0.5117707,1
5060070057641,2836.0657,2836.0657,45706,2898550,33333333,11896875,65,6.92,0.5117707,1
5060103352380,2836.0657,2836.0657,45707,2898550,33333333,11896875,65,6.92,0.5117707,1
5060136647120,2836.0657,2836.0657,45708,2898550,33333333,11896875,65,6.92,0.5117707,1
5060169941859,2836.0657,2836.0657,45709,2898550,33333333,11896875,65,6.92,0.5117707,1
5060203236547,2836.0657,2836.0657,45710,2898550,33333333,11896875,65,6.92,0.5117707,1
5060236531286,2836.0657,2836.0657,45711,2898550,33333333,11896875,65,6.92,0.5117707,1
5060269826026,2836.0657,2836.0657,45712,2898550,33333333,11896875,65,6.92,0.5117707,1
5060303120766,2836.0657,2836.0657,45713,2898550,33333333,11896875,65,6.92,0.5117707,1
5060336415453,2836.0657,2836.0657,45714,2898550,33333333,11896875,65,6.92,0.5117707,1
5060369710193,2836.0657,2836.0657,45715,2898550,33333333,11896875,65,6.92,0.5117707,1
5060403004932,2836.0657,2836.0657,45716,2898550,33333333,11896875,65,6.92,0.5117707,1
5060436299672,2836.0657,2836.0657,45717,2898550,33333333,11896875,65,6.92,0.5117707,1
5060469594359,2836.0657,2836.0657,45718,2898550,33333333,11896875,65,6.92,0.5117707,1
5060502889099,2836.0657,2836.0657,45719,2898550,33333333,11896875,65,6.92,0.5117707,1
5060536183839,2836.0657,2836.0657,45720,2898550,33333333,11896875,65,6.92,0.5117707,1
5060569478578,2836.0657,2836.0657,45721,2898550,33333333,11896875,65,6.92,0.5117707,1
5060602773266,2836.0657,2836.0657,45722,2898550,33333333,11896875,65,6.92,0.5117707,1
5060636068005,2836.0657,2836.0657,45723,2898550,33333333,11896875,65,6.92,0.5117707,1
5060669362745,2836.0657,2836.0657,45724,2898550,33333333,11896875,65,6.92,0.5117707,1
5060702657484,2836.0657,2836.0657,45725,2898550,33333333,11896875,65,6.92,0.5117707,1
5060735952172,2836.0657,2836.0657,45726,2898550,33333333,11896875,65,6.92,0.5117707,1
5060769246911,2836.0657,2836.0657,45727,2898550,33333333,11896875,65,6.92,0.5117707,1
5060802541651,2836.0657,2836.0657,45728,2898550,33333333,11896875,65,6.92,0.5117707,1
5060835836391,2836.0657,2836.0657,45729,2898550,33333333,11896875,65,6.92,0.5117707,1
5060869131130,2836.0657,2836.0657,45730,2898550,33333333,11896875,65,6.92,0.5117707,1
5060902425818,2836.0657,2836.0657,45731,2898550,33333333,11896875,65,6.92,0.5117707,1
5060935720557,2836.0657,2836.0657,45732,2898550,33333333,11896875,65,6.92,0.5117707,1
5060969015297,2836.0657,2836.0657,45733,2898550,33333333,11896875,65,6.92,0.5117707,1
5061002309984,2836.0657,2836.0657,45734,2898550,33333333,11896875,65,6.92,0.5117707,1
5061035604724,2836.0657,2836.0657,45735,2898550,33333333,11896875,65,6.92,0.5117707,1
5061068899464,2836.0657,2836.0657,45736,2898550,33333333,11896875,65,6.92,0.5117707,1
5061102194203,2836.0657,2836.0657,45737,2898550,33333333,11896875,65,6.92,0.5117707,1
5061135488891,2836.0657,2836.0657,45738,2898550,33333333,11896875,65,6.92,0.5117707,1
5061168783630,2836.0657,2836.0657,45739,2898550,33333333,11896875,65,6.92,0.5117707,1
5061202078370,2836.0657,2836.0657,45740,2898550,33333333,11896875,65,6.92,0.5117707,1
5061235373109,2836.0657,2836.0657,45741,2898550,33333333,11896875,65,6.92,0.5117707,1
5061268667797,2836.0657,2836.0657,45742,2898550,33333333,11896875,65,6.92,0.5117707,1
5061301962536,2836.0657,2836.0657,45743,2898550,33333333,11896875,65,6.92,0.5117707,1
5061335257276,2836.0657,2836.0657,45744,2898550,33333333,11896875,65,6.92,0.5117707,1
5061368552016,2836.0657,2836.0657,45745,2898550,33333333,11896875,65,6.92,0.5117707,1
5061401846703,2836.0657,2836.0657,45746,2898550,33333333,11896875,65,6.92,0.5117707,1
5061435141443,2836.0657,2836.0657,45747,2898550,33333333,11896875,65,6.92,0.5117707,1
5061468436182,2836.0657,2836.0657,45748,2898550,33333333,11896875,65,6.92,0.5117707,1
5061501730922,2836.0657,2836.0657,45749,2898550,33333333,11896875,65,6.92,0.5117707,1
5061535025609,2836.0657,2836.0657,45750,2898550,33333333,11896875,65,6.92,0.5117707,1
5061568320349,2836.0657,2836.0657,45751,2898550,33333333,11896875,65,6.92,0.5117707,1
5061601615089,2836.0657,2836.0657,45752,2898550,33333333,11896875,65,6.92,0.5117707,1
5061634909828,2836.0657,2836.0657,45753,2898550,33333333,11896875,65,6.92,0.5117707,1
5061668204516,2836.0657,2836.0657,45754,2898550,33333333,11896875,65,6.92,0.5117707,1
5061701499255,2836.0657,2836.0657,45755,2898550,33333333,11896875,65,6.92,0.5117707,1
5061734793995,2836.0657,2836.0657,45756,2898550,33333333,11896875,65,6.92,0.5117707,1
5061768088734,2836.0657,2836.0657,45757,2898550,33333333,11896875,65,6.92,0.5117707,1
5061801383422,2836.0657,2836.0657,45758,2898550,33333333,11896875,65,6.92,0.5117707,1
5061834678161,2836.0657,2836.0657,45759,2898550,33333333,11896875,65,6.92,0.5117707,1
5061867972901,2836.0657,2836.0657,45760,2898550,33333333,11896875,65,6.92,0.5117707,1
5061901267641,2836.0657,2836.0657,45761,2898550,33333333,11896875,65,6.92,0.5117707,1
5061934562328,2836.0657,2836.0657,45762,2898550,33333333,11896875,65,6.92,0.5117707,1
5061967857068,2836.0657,2836.0657,45763,2898550,33333333,11896875,65,6.92,0.5117707,1
5062001151807,2836.0657,2836.0657,45764,2898550,33333333,11896875,65,6.92,0.5117707,1
5062034446547,2836.0657,2836.0657,45765,2898550,33333333,11896875,65,6.92,0.5117707,1
5062067741234,2836.0657,2836.0657,45766,2898550,33333333,11896875,65,6.92,0.5117707,1
5062101035974,2836.0657,2836.0657,45767,2898550,33333333,11896875,65,6.92,0.5117707,1
5062134330714,2836.0657,2836.0657,45768,2898550,33333333,11896875,65,6.92,0.5117707,1
5062167625453,2836.0657,2836.0657,45769,2898550,33333333,11896875,65,6.92,0.5117707,1
5062200920141,2836.0657,2836.0657,45770,2898550,33333333,11896875,65,6.92,0.5117707,1
5062234214880,2836.0657,2836.0657,45771,2898550,33333333,11896875,65,6.92,0.5117707,1
5062267509620,2836.0657,2836.0657,45772,2898550,33333333,11896875,65,6.92,0.5117707,1
5062300804359,2836.0657,2836.0657,45773,2898550,33333333,11896875,65,6.92,0.5117707,1
5062334099047,2836.0657,2836.0657,45774,2898550,33333333,11896875,65,6.92,0.5117707,1
5062367393786,2836.0657,2836.0657,45775,2898550,33333333,11896875,65,6.92,0.5117707,1
5062400688526,2836.0657,2836.0657,45776,2898550,33333333,11896875,65,6.92,0.5117707,1
5062433983266,2836.0657,2836.0657,45777,2898550,33333333,11896875,65,6.92,0.5117707,1
5062467277953,2836.0657,2836.0657,45778,2898550,33333333,11896875,65,6.92,0.5117707,1
5062500572693,2836.0657,2836.0657,45779,2898550,33333333,11896875,65,6.92,0.5117707,1
5062533867432,2836.0657,2836.0657,45780,2898550,33333333,11896875,65,6.92,0.5117707,1
5062567162172,2836.0657,2836.0657,45781,2898550,33333333,11896875,65,6.92,0.5117707,1
5062600456859,2836.0657,2836.0657,45782,2898550,33333333,11896875,65,6.92,0.5117707,1
5062633751599,2836.0657,2836.0657,45783,2898550,33333333,11896875,65,6.92,0.5117707,1
5062667046339,2836.0657,2836.0657,45784,2898550,33333333,11896875,65,6.92,0.5117707,1
5062700341078,2836.0657,2836.0657,45785,2898550,33333333,11896875,65,6.92,0.5117707,1
5062733635766,2836.0657,2836.0657,45786,2898550,33333333,11896875,65,6.92,0.5117707,1
5062766930505,2836.0657,2836.0657,45787,2898550,33333333,11896875,65,6.92,0.5117707,1
5062800225245,2836.0657,2836.0657,45788,2898550,33333333,11896875,65,6.92,0.5117707,1
5062833519984,2836.0657,2836.0657,45789,2898550,33333333,11896875,65,6.92,0.5117707,1
5062866814672,2836.0657,2836.0657,45790,2898550,33333333,11896875,65,6.92,0.5117707,1
5062900109411,2836.0657,2836.0657,45791,2898550,33333333,11896875,65,6.92,0.5117707,1
5062933404151,2836.0657,2836.0657,45792,2898550,33333333,11896875,65,6.92,0.5117707,1
5062966698891,2836.0657,2836.0657,45793,2898550,33333333,11896875,65,6.92,0.5117707,1
5062999993578,2836.0657,2836.0657,45794,2898550,33333333,11896875,65,6.92,0.5117707,1
5063033288318,2836.0657,2836.0657,45795,2898550,33333333,11896875,65,6.92,0.5117707,1
5063066583057,2836.0657,2836.0657,45796,2898550,33333333,11896875,65,6.92,0.5117707,1
5063099877797,2836.0657,2836.0657,45797,2898550,33333333,11896875,65,6.92,0.5117707,1
5063133172484,2836.0657,2836.0657,45798,2898550,33333333,11896875,65,6.92,0.5117707,1
5063166467224,2836.0657,2836.0657,45799,2898550,33333333,11896875,65,6.92,0.5117707,1
5063199761964,2836.0657,2836.0657,45800,2898550,33333333,11896875,65,6.92,0.5117707,1
5063233056703,2836.0657,2836.0657,45801,2898550,33333333,11896875,65,6.92,0.5117707,1
5063266351391,2836.0657,2836.0657,45802,2898550,33333333,11896875,65,6.92,0.5117707,1
5063299646130,2836.0657,2836.0657,45803,2898550,33333333,11896875,65,6.92,0.5117707,1
5063332940870,2836.0657,2836.0657,45804,2898550,33333333,11896875,65,6.92,0.5117707,1
5063366235609,2836.0657,2836.0657,45805,2898550,33333333,11896875,65,6.92,0.5117707,1
5063399530297,2836.0657,2836.0657,45806,2898550,33333333,11896875,65,6.92,0.5117707,1
5063432825036,2836.0657,2836.0657,45807,2898550,33333333,11896875,65,6.92,0.5117707,1
5063466119776,2836.0657,2836.0657,45808,2898550,33333333,11896875,65,6.92,0.5117707,1
5063499414516,2836.0657,2836.0657,45809,2898550,33333333,11896875,65,6.92,0.5117707,1
5063532709203,2836.0657,2836.0657,45810,2898550,33333333,11896875,65,6.92,0.5117707,1
5063566003943,2836.0657,2836.0657,45811,2898550,33333333,11896875,65,6.92,0.5117707,1
5063599298682,2836.0657,2836.0657,45812,2898550,33333333,11896875,65,6.92,0.5117707,1
5063632593422,2836.0657,2836.0657,45813,2898550,33333333,11896875,65,6.92,0.5117707,1
5063665888109,2836.0657,2836.0657,45814,2898550,33333333,11896875,65,6.92,0.5117707,1
5063699182849,2836.0657,2836.0657,45815,2898550,33333333,11896875,65,6.92,0.5117707,1
5063732477589,2836.0657,2836.0657,45816,2898550,33333333,11896875,65,6.92,0.5117707,1
5063765772328,2836.0657,2836.0657,45817,2898550,33333333,11896875,65,6.92,0.5117707,1
5063799067016,2836.0657,2836.0657,45818,2898550,33333333,11896875,65,6.92,0.5117707,1
5063832361755,2836.0657,2836.0657,45819,2898550,33333333,11896875,65,6.92,0.5117707,1
5063865656495,2836.0657,2836.0657,45820,2898550,33333333,11896875,65,6.92,0.5117707,1
5063898951234,2836.0657,2836.0657,45821,2898550,33333333,11896875,65,6.92,0.5117707,1
5063932245922,2836.0657,2836.0657,45822,2898550,33333333,11896875,65,6.92,0.5117707,1
5063965540661,2836.0657,2836.0657,45823,2898550,33333333,11896875,65,6.92,0.5117707,1
5063998835401,2836.0657,2836.0657,45824,2898550,33333333,11896875,65,6.92,0.5117707,1
5064032130141,2836.0657,2836.0657,45825,2898550,33333333,11896875,65,6.92,0.5117707,1
5064065424828,2836.0657,2836.0657,45826,2898550,33333333,11896875,65,6.92,0.5117707,1
5064098719568,2836.0657,2836.0657,45827,2898550,33333333,11896875,65,6.92,0.5117707,1
5064132014307,2836.0657,2836.0657,45828,2898550,33333333,11896875,65,6.92,0.5117707,1
5064165309047,2836.0657,2836.0657,45829,2898550,33333333,11896875,65,6.92,0.5117707,1
5064198603734,2836.0657,2836.0657,45830,2898550,33333333,11896875,65,6.92,0.5117707,1
5064231898474,2836.0657,2836.0657,45831,2898550,33333333,11896875,65,6.92,0.5117707,1
5064265193214,2836.0657,2836.0657,45832,2898550,33333333,11896875,65,6.92,0.5117707,1
5064298487953,2836.0657,2836.0657,45833,2898550,33333333,11896875,65,6.92,0.5117707,1
5064331782641,2836.0657,2836.0657,45834,2898550,33333333,11896875,65,6.92,0.5117707,1
5064365077380,2836.0657,2836.0657,45835,2898550,33333333,11896875,65,6.92,0.5117707,1
5064398372120,2836.0657,2836.0657,45836,2898550,33333333,11896875,65,6.92,0.5117707,1
5064431666859,2836.0657,2836.0657,45837,2898550,33333333,11896875,65,6.92,0.5117707,1
5064464961547,2836.0657,2836.0657,45838,2898550,33333333,11896875,65,6.92,0.5117707,1
5064498256286,2836.0657,2836.0657,45839,2898550,33333333,11896875,65,6.92,0.5117707,1
5064531551026,2836.0657,2836.0657,45840,2898550,33333333,11896875,65,6.92,0.5117707,1
5064564845766,2836.0657,2836.0657,45841,2898550,33333333,11896875,65,6.92,0.5117707,1
5064598140453,2836.0657,2836.0657,45842,2898550,33333333,11896875,65,6.92,0.5117707,1
5064631435193,2836.0657,2836.0657,45843,2898550,33333333,11896875,65,6.92,0.5117707,1
5064664729932,2836.0657,2836.0657,45844,2898550,33333333,11896875,65,6.92,0.5117707,1
5064698024672,2836.0657,2836.0657,45845,2898550,33333333,11896875,65,6.92,0.5117707,1
5064731319359,2836.0657,2836.0657,45846,2898550,33333333,11896875,65,6.92,0.5117707,1
5064764614099,2836.0657,2836.0657,45847,2898550,33333333,11896875,65,6.92,0.5117707,1
5064797908839,2836.0657,2836.0657,45848,2898550,33333333,11896875,65,6.92,0.5117707,1
5064831203578,2836.0657,2836.0657,45849,2898550,33333333,11896875,65,6.92,0.5117707,1
5064864498266,2836.0657,2836.0657,45850,2898550,33333333,11896875,65,6.92,0.5117707,1
5064897793005,2836.0657,2836.0657,45851,2898550,33333333,11896875,65,6.92,0.5117707,1
5064931087745,2836.0657,2836.0657,45852,2898550,33333333,11896875,65,6.92,0.5117707,1
5064964382484,2836.0657,2836.0657,45853,2898550,33333333,11896875,65,6.92,0.5117707,1
5064997677172,2836.0657,2836.0657,45854,2898550,33333333,11896875,65,6.92,0.5117707,1
5065030971911,2836.0657,2836.0657,45855,2898550,33333333,11896875,65,6.92,0.5117707,1
5065064266651,2836.0657,2836.0657,45856,2898550,33333333,11896875,65,6.92,0.5117707,1
5065097561391,2836.0657,2836.0657,45857,2898550,33333333,11896875,65,6.92,0.5117707,1
5065130856078,2836.0657,2836.0657,45858,2898550,33333333,11896875,65,6.92,0.5117707,1
5065164150818,2836.0657,2836.0657,45859,2898550,33333333,11896875,65,6.92,0.5117707,1
5065197445557,2836.0657,2836.0657,45860,2898550,33333333,11896875,65,6.92,0.5117707,1
5065230740297,2836.0657,2836.0657,45861,2898550,33333333,11896875,65,6.92,0.5117707,1
5065264034984,2836.0657,2836.0657,45862,2898550,33333333,11896875,65,6.92,0.5117707,1
5065297329724,2836.0657,2836.0657,45863,2898550,33333333,11896875,65,6.92,0.5117707,1
5065330624464,2836.0657,2836.0657,45864,2898550,33333333,11896875,65,6.92,0.5117707,1
5065363919203,2836.0657,2836.0657,45865,2898550,33333333,11896875,65,6.92,0.5117707,1
5065397213891,2836.0657,2836.0657,45866,2898550,33333333,11896875,65,6.92,0.5117707,1
5065430508630,2836.0657,2836.0657,45867,2898550,33333333,11896875,65,6.92,0.5117707,1
5065463803370,2836.0657,2836.0657,45868,2898550,33333333,11896875,65,6.92,0.5117707,1
5065497098109,2836.0657,2836.0657,45869,2898550,33333333,11896875,65,6.92,0.5117707,1
5065530392797,2836.0657,2836.0657,45870,2898550,33333333,11896875,65,6.92,0.5117707,1
5065563687536,2836.0657,2836.0657,45871,2898550,33333333,11896875,65,6.92,0.5117707,1
5065596982276,2836.0657,2836.0657,45872,2898550,33333333,11896875,65,6.92,0.5117707,1
5065630277016,2836.0657,2836.0657,45873,2898550,33333333,11896875,65,6.92,0.5117707,1
5065663571703,2836.0657,2836.0657,45874,2898550,33333333,11896875,65,6.92,0.5117707,1
5065696866443,2836.0657,2836.0657,45875,2898550,33333333,11896875,65,6.92,0.5117707,1
5065730161182,2836.0657,2836.0657,45876,2898550,33333333,11896875,65,6.92,0.5117707,1
5065763455922,2836.0657,2836.0657,45877,2898550,33333333,11896875,65,6.92,0.5117707,1
5065796750609,2836.0657,2836.0657,45878,2898550,33333333,11896875,65,6.92,0.5117707,1
5065830045349,2836.0657,2836.0657,45879,2898550,33333333,11896875,65,6.92,0.5117707,1
5065863340089,2836.0657,2836.0657,45880,2898550,33333333,11896875,65,6.92,0.5117707,1
5065896634828,2836.0657,2836.0657,45881,2898550,33333333,11896875,65,6.92,0.5117707,1
5065929929516,2836.0657,2836.0657,45882,2898550,33333333,11896875,65,6.92,0.5117707,1
5065963224255,2836.0657,2836.0657,45883,2898550,33333333,11896875,65,6.92,0.5117707,1
5065996518995,2836.0657,2836.0657,45884,2898550,33333333,11896875,65,6.92,0.5117707,1
5066029813734,2836.0657,2836.0657,45885,2898550,33333333,11896875,65,6.92,0.5117707,1
5066063108422,2836.0657,2836.0657,45886,2898550,33333333,11896875,65,6.92,0.5117707,1
5066096403161,2836.0657,2836.0657,45887,2898550,33333333,11896875,65,6.92,0.5117707,1
5066129697901,2836.0657,2836.0657,45888,2898550,33333333,11896875,65,6.92,0.5117707,1
5066162992641,2836.0657,2836.0657,45889,2898550,33333333,11896875,65,6.92,0.5117707,1
5066196287328,2836.0657,2836.0657,45890,2898550,33333333,11896875,65,6.92,0.5117707,1
5066229582068,2836.0657,2836.0657,45891,2898550,33333333,11896875,65,6.92,0.5117707,1
5066262876807,2836.0657,2836.0657,45892,2898550,33333333,11896875,65,6.92,0.5117707,1
5066296171547,2836.0657,2836.0657,45893,2898550,33333333,11896875,65,6.92,0.5117707,1
5066329466234,2836.0657,2836.0657,45894,2898550,33333333,11896875,65,6.92,0.5117707,1
5066362760974,2836.0657,2836.0657,45895,2898550,33333333,11896875,65,6.92,0.5117707,1
5066396055714,2836.0657,2836.0657,45896,2898550,33333333,11896875,65,6.92,0.5117707,1
5066429350453,2836.0657,2836.0657,45897,2898550,33333333,11896875,65,6.92,0.5117707,1
5066462645141,2836.0657,2836.0657,45898,2898550,33333333,11896875,65,6.92,0.5117707,1
5066495939880,2836.0657,2836.0657,45899,2898550,33333333,11896875,65,6.92,0.5117707,1
5066529234620,2836.0657,2836.0657,45900,2898550,33333333,11896875,65,6.92,0.5117707,1
5066562529359,2836.0657,2836.0657,45901,2898550,33333333,11896875,65,6.92,0.5117707,1
5066595824047,2836.0657,2836.0657,45902,2898550,33333333,11896875,65,6.92,0.5117707,1
5066629118786,2836.0657,2836.0657,45903,2898550,33333333,11896875,65,6.92,0.5117707,1
5066662413526,2836.0657,2836.0657,45904,2898550,33333333,11896875,65,6.92,0.5117707,1
5066695708266,2836.0657,2836.0657,45905,2898550,33333333,11896875,65,6.92,0.5117707,1
5066729002953,2836.0657,2836.0657,45906,2898550,33333333,11896875,65,6.92,0.5117707,1
5066762297693,2836.0657,2836.0657,45907,2898550,33333333,11896875,65,6.92,0.5117707,1
5066795592432,2836.0657,2836.0657,45908,2898550,33333333,11896875,65,6.92,0.5117707,1
5066828887172,2836.0657,2836.0657,45909,2898550,33333333,11896875,65,6.92,0.5117707,1
5066862181859,2836.0657,2836.0657,45910,2898550,33333333,11896875,65,6.92,0.5117707,1
5066895476599,2836.0657,2836.0657,45911,2898550,33333333,11896875,65,6.92,0.5117707,1
5066928771339,2836.0657,2836.0657,45912,2898550,33333333,11896875,65,6.92,0.5117707,1
5066962066078,2836.0657,2836.0657,45913,2898550,33333333,11896875,65,6.92,0.5117707,1
5066995360766,2836.0657,2836.0657,45914,2898550,33333333,11896875,65,6.92,0.5117707,1
5067028655505,2836.0657,2836.0657,45915,2898550,33333333,11896875,65,6.92,0.5117707,1
5067061950245,2836.0657,2836.0657,45916,2898550,33333333,11896875,65,6.92,0.5117707,1
5067095244984,2836.0657,2836.0657,45917,2898550,33333333,11896875,65,6.92,0.5117707,1
5067128539672,2836.0657,2836.0657,45918,2898550,33333333,11896875,65,6.92,0.5117707,1
5067161834411,2836.0657,2836.0657,45919,2898550,33333333,11896875,65,6.92,0.5117707,1
5067195129151,2836.0657,2836.0657,45920,2898550,33333333,11896875,65,6.92,0.5117707,1
5067228423891,2836.0657,2836.0657,45921,2898550,33333333,11896875,65,6.92,0.5117707,1
5067261718578,2836.0657,2836.0657,45922,2898550,33333333,11896875,65,6.92,0.5117707,1
5067295013318,2836.0657,2836.0657,45923,2898550,33333333,11896875,65,6.92,0.5117707,1
5067328308057,2836.0657,2836.0657,45924,2898550,33333333,11896875,65,6.92,0.5117707,1
5067361602797,2836.0657,2836.0657,45925,2898550,33333333,11896875,65,6.92,0.5117707,1
5067394897484,2836.0657,2836.0657,45926,2898550,33333333,11896875,65,6.92,0.5117707,1
5067428192224,2836.0657,2836.0657,45927,2898550,33333333,11896875,65,6.92,0.5117707,1
5067461486964,2836.0657,2836.0657,45928,2898550,33333333,11896875,65,6.92,0.5117707,1
5067494781703,2836.0657,2836.0657,45929,2898550,33333333,11896875,65,6.92,0.5117707,1
5067528076391,2836.0657,2836.0657,45930,2898550,33333333,11896875,65,6.92,0.5117707,1
5067561371130,2836.0657,2836.0657,45931,2898550,33333333,11896875,65,6.92,0.5117707,1
5067594665870,2836.0657,2836.0657,45932,2898550,33333333,11896875,65,6.92,0.5117707,1
5067627960609,2836.0657,2836.0657,45933,2898550,33333333,11896875,65,6.92,0.5117707,1
5067661255297,2836.0657,2836.0657,45934,2898550,33333333,11896875,65,6.92,0.5117707,1
5067694550036,2836.0657,2836.0657,45935,2898550,33333333,11896875,65,6.92,0.5117707,1
5067727844776,2836.0657,2836.0657,45936,2898550,33333333,11896875,65,6.92,0.5117707,1
5067761139516,2836.0657,2836.0657,45937,2898550,33333333,11896875,65,6.92,0.5117707,1
5067794434203,2836.0657,2836.0657,45938,2898550,33333333,11896875,65,6.92,0.5117707,1
5067827728943,2836.0657,2836.0657,45939,2898550,33333333,11896875,65,6.92,0.5117707,1
5067861023682,2836.0657,2836.0657,45940,2898550,33333333,11896875,65,6.92,0.5117707,1
5067894318422,2836.0657,2836.0657,45941,2898550,33333333,11896875,65,6.92,0.5117707,1
5067927613109,2836.0657,2836.0657,45942,2898550,33333333,11896875,65,6.92,0.5117707,1
5067960907849,2836.0657,2836.0657,45943,2898550,33333333,11896875,65,6.92,0.5117707,1
5067994202589,2836.0657,2836.0657,45944,2898550,33333333,11896875,65,6.92,0.5117707,1
5068027497328,2836.0657,2836.0657,45945,2898550,33333333,11896875,65,6.92,0.5117707,1
5068060792016,2836.0657,2836.0657,45946,2898550,33333333,11896875,65,6.92,0.5117707,1
5068094086755,2836.0657,2836.0657,45947,2898550,33333333,11896875,65,6.92,0.5117707,1
5068127381495,2836.0657,2836.0657,45948,2898550,33333333,11896875,65,6.92,0.5117707,1
5068160676234,2836.0657,2836.0657,45949,2898550,33333333,11896875,65,6.92,0.5117707,1
5068193970922,2836.0657,2836.0657,45950,2898550,33333333,11896875,65,6.92,0.5117707,1
5068227265661,2836.0657,2836.0657,45951,2898550,33333333,11896875,65,6.92,0.5117707,1
5068260560401,2836.0657,2836.0657,45952,2898550,33333333,11896875,65,6.92,0.5117707,1
5068293855141,2836.0657,2836.0657,45953,2898550,33333333,11896875,65,6.92,0.5117707,1
5068327149828,2836.0657,2836.0657,45954,2898550,33333333,11896875,65,6.92,0.5117707,1
5068360444568,2836.0657,2836.0657,45955,2898550,33333333,11896875,65,6.92,0.5117707,1
5068393739307,2836.0657,2836.0657,45956,2898550,33333333,11896875,65,6.92,0.5117707,1
5068427034047,2836.0657,2836.0657,45957,2898550,33333333,11896875,65,6.92,0.5117707,1
5068460328734,2836.0657,2836.0657,45958,2898550,33333333,11896875,65,6.92,0.5117707,1
5068493623474,2836.0657,2836.0657,45959,2898550,33333333,11896875,65,6.92,0.5117707,1
5068526918214,2836.0657,2836.0657,45960,2898550,33333333,11896875,65,6.92,0.5117707,1
5068560212953,2836.0657,2836.0657,45961,2898550,33333333,11896875,65,6.92,0.5117707,1
5068593507641,2836.0657,2836.0657,45962,2898550,33333333,11896875,65,6.92,0.5117707,1
5068626802380,2836.0657,2836.0657,45963,2898550,33333333,11896875,65,6.92,0.5117707,1
5068660097120,2836.0657,2836.0657,45964,2898550,33333333,11896875,65,6.92,0.5117707,1
5068693391859,2836.0657,2836.0657,45965,2898550,33333333,11896875,65,6.92,0.5117707,1
5068726686547,2836.0657,2836.0657,45966,2898550,33333333,11896875,65,6.92,0.5117707,1
5068759981286,2836.0657,2836.0657,45967,2898550,33333333,11896875,65,6.92,0.5117707,1
5068793276026,2836.0657,2836.0657,45968,2898550,33333333,11896875,65,6.92,0.5117707,1
5068826570766,2836.0657,2836.0657,45969,2898550,33333333,11896875,65,6.92,0.5117707,1
5068859865453,2836.0657,2836.0657,45970,2898550,33333333,11896875,65,6.92,0.5117707,1
5068893160193,2836.0657,2836.0657,45971,2898550,33333333,11896875,65,6.92,0.5117707,1
5068926454932,2836.0657,2836.0657,45972,2898550,33333333,11896875,65,6.92,0.5117707,1
5068959749672,2836.0657,2836.0657,45973,2898550,33333333,11896875,65,6.92,0.5117707,1
5068993044359,2836.0657,2836.0657,45974,2898550,33333333,11896875,65,6.92,0.5117707,1
5069026339099,2836.0657,2836.0657,45975,2898550,33333333,11896875,65,6.92,0.5117707,1
5069059633839,2836.0657,2836.0657,45976,2898550,33333333,11896875,65,6.92,0.5117707,1
5069092928578,2836.0657,2836.0657,45977,2898550,33333333,11896875,65,6.92,0.5117707,1
5069126223266,2836.0657,2836.0657,45978,2898550,33333333,11896875,65,6.92,0.5117707,1
5069159518005,2836.0657,2836.0657,45979,2898550,33333333,11896875,65,6.92,0.5117707,1
5069192812745,2836.0657,2836.0657,45980,2898550,33333333,11896875,65,6.92,0.5117707,1
5069226107484,2836.0657,2836.0657,45981,2898550,33333333,11896875,65,6.92,0.5117707,1
5069259402172,2836.0657,2836.0657,45982,2898550,33333333,11896875,65,6.92,0.5117707,1
5069292696911,2836.0657,2836.0657,45983,2898550,33333333,11896875,65,6.92,0.5117707,1
5069325991651,2836.0657,2836.0657,45984,2898550,33333333,11896875,65,6.92,0.5117707,1
5069359286391,2836.0657,2836.0657,45985,2898550,33333333,11896875,65,6.92,0.5117707,1
5069392581078,2836.0657,2836.0657,45986,2898550,33333333,11896875,65,6.92,0.5117707,1
5069425875818,2836.0657,2836.0657,45987,2898550,33333333,11896875,65,6.92,0.5117707,1
5069459170557,2836.0657,2836.0657,45988,2898550,33333333,11896875,65,6.92,0.5117707,1
5069492465297,2836.0657,2836.0657,45989,2898550,33333333,11896875,65,6.92,0.5117707,1
5069525759984,2836.0657,2836.0657,45990,2898550,33333333,11896875,65,6.92,0.5117707,1
5069559054724,2836.0657,2836.0657,45991,2898550,33333333,11896875,65,6.92,0.5117707,1
5069592349464,2836.0657,2836.0657,45992,2898550,33333333,11896875,65,6.92,0.5117707,1
5069625644203,2836.0657,2836.0657,45993,2898550,33333333,11896875,65,6.92,0.5117707,1
5069658938891,2836.0657,2836.0657,45994,2898550,33333333,11896875,65,6.92,0.5117707,1
5069692233630,2836.0657,2836.0657,45995,2898550,33333333,11896875,65,6.92,0.5117707,1
5069725528370,2836.0657,2836.0657,45996,2898550,33333333,11896875,65,6.92,0.5117707,1
5069758823109,2836.0657,2836.0657,45997,2898550,33333333,11896875,65,6.92,0.5117707,1
5069792117797,2836.0657,2836.0657,45998,2898550,33333333,11896875,65,6.92,0.5117707,1
5069825412536,2836.0657,2836.0657,45999,2898550,33333333,11896875,65,6.92,0.5117707,1
5069858707276,2836.0657,2836.0657,46000,2898550,33333333,11896875,65,6.92,0.5117707,1
5069892002016,2836.0657,2836.0657,46001,2898550,33333333,11896875,65,6.92,0.5117707,1
5069925296703,2836.0657,2836.0657,46002,2898550,33333333,11896875,65,6.92,0.5117707,1
5069958591443,2836.0657,2836.0657,46003,2898550,33333333,11896875,65,6.92,0.5117707,1
5069991886182,2836.0657,2836.0657,46004,2898550,33333333,11896875,65,6.92,0.5117707,1
5070025180922,2836.0657,2836.0657,46005,2898550,33333333,11896875,65,6.92,0.5117707,1
5070058475609,2836.0657,2836.0657,46006,2898550,33333333,11896875,65,6.92,0.5117707,1
5070091770349,2836.0657,2836.0657,46007,2898550,33333333,11896875,65,6.92,0.5117707,1
5070125065089,2836.0657,2836.0657,46008,2898550,33333333,11896875,65,6.92,0.5117707,1
5070158359828,2836.0657,2836.0657,46009,2898550,33333333,11896875,65,6.92,0.5117707,1
5070191654516,2836.0657,2836.0657,46010,2898550,33333333,11896875,65,6.92,0.5117707,1
5070224949255,2836.0657,2836.0657,46011,2898550,33333333,11896875,65,6.92,0.5117707,1
5070258243995,2836.0657,2836.0657,46012,2898550,33333333,11896875,65,6.92,0.5117707,1
5070291538734,2836.0657,2836.0657,46013,2898550,33333333,11896875,65,6.92,0.5117707,1
5070324833422,2836.0657,2836.0657,46014,2898550,33333333,11896875,65,6.92,0.5117707,1
5070358128161,2836.0657,2836.0657,46015,2898550,33333333,11896875,65,6.92,0.5117707,1
5070391422901,2836.0657,2836.0657,46016,2898550,33333333,11896875,65,6.92,0.5117707,1
5070424717641,2836.0657,2836.0657,46017,2898550,33333333,11896875,65,6.92,0.5117707,1
5070458012328,2836.0657,2836.0657,46018,2898550,33333333,11896875,65,6.92,0.5117707,1
5070491307068,2836.0657,2836.0657,46019,2898550,33333333,11896875,65,6.92,0.5117707,1
5070524601807,2836.0657,2836.0657,46020,2898550,33333333,11896875,65,6.92,0.5117707,1
5070557896547,2836.0657,2836.0657,46021,2898550,33333333,11896875,65,6.92,0.5117707,1
5070591191234,2836.0657,2836.0657,46022,2898550,33333333,11896875,65,6.92,0.5117707,1
5070624485974,2836.0657,2836.0657,46023,2898550,33333333,11896875,65,6.92,0.5117707,1
5070657780714,2836.0657,2836.0657,46024,2898550,33333333,11896875,65,6.92,0.5117707,1
5070691075453,2836.0657,2836.0657,46025,2898550,33333333,11896875,65,6.92,0.5117707,1
5070724370141,2836.0657,2836.0657,46026,2898550,33333333,11896875,65,6.92,0.5117707,1
5070757664880,2836.0657,2836.0657,46027,2898550,33333333,11896875,65,6.92,0.5117707,1
5070790959620,2836.0657,2836.0657,46028,2898550,33333333,11896875,65,6.92,0.5117707,1
5070824254359,2836.0657,2836.0657,46029,2898550,33333333,11896875,65,6.92,0.5117707,1
5070857549047,2836.0657,2836.0657,46030,2898550,33333333,11896875,65,6.92,0.5117707,1
5070890843786,2836.0657,2836.0657,46031,2898550,33333333,11896875,65,6.92,0.5117707,1
5070924138526,2836.0657,2836.0657,46032,2898550,33333333,11896875,65,6.92,0.5117707,1
5070957433266,2836.0657,2836.0657,46033,2898550,33333333,11896875,65,6.92,0.5117707,1
5070990727953,2836.0657,2836.0657,46034,2898550,33333333,11896875,65,6.92,0.5117707,1
5071024022693,2836.0657,2836.0657,46035,2898550,33333333,11896875,65,6.92,0.5117707,1
5071057317432,2836.0657,2836.0657,46036,2898550,33333333,11896875,65,6.92,0.5117707,1
5071090612172,2836.0657,2836.0657,46037,2898550,33333333,11896875,65,6.92,0.5117707,1
5071123906859,2836.0657,2836.0657,46038,2898550,33333333,11896875,65,6.92,0.5117707,1
5071157201599,2836.0657,2836.0657,46039,2898550,33333333,11896875,65,6.92,0.5117707,1
5071190496339,2836.0657,2836.0657,46040,2898550,33333333,11896875,65,6.92,0.5117707,1
5071223791078,2836.0657,2836.0657,46041,2898550,33333333,11896875,65,6.92,0.5117707,1
5071257085766,2836.0657,2836.0657,46042,2898550,33333333,11896875,65,6.92,0.5117707,1
5071290380505,2836.0657,2836.0657,46043,2898550,33333333,11896875,65,6.92,0.5117707,1
5071323675245,2836.0657,2836.0657,46044,2898550,33333333,11896875,65,6.92,0.5117707,1
5071356969984,2836.0657,2836.0657,46045,2898550,33333333,11896875,65,6.92,0.5117707,1
5071390264672,2836.0657,2836.0657,46046,2898550,33333333,11896875,65,6.92,0.5117707,1
5071423559411,2836.0657,2836.0657,46047,2898550,33333333,11896875,65,6.92,0.5117707,1
5071456854151,2836.0657,2836.0657,46048,2898550,33333333,11896875,65,6.92,0.5117707,1
5071490148891,2836.0657,2836.0657,46049,2898550,33333333,11896875,65,6.92,0.5117707,1
5071523443578,2836.0657,2836.0657,46050,2898550,33333333,11896875,65,6.92,0.5117707,1
5071556738318,2836.0657,2836.0657,46051,2898550,33333333,11896875,65,6.92,0.5117707,1
5071590033057,2836.0657,2836.0657,46052,2898550,33333333,11896875,65,6.92,0.5117707,1
5071623327797,2836.0657,2836.0657,46053,2898550,33333333,11896875,65,6.92,0.5117707,1
5071656622484,2836.0657,2836.0657,46054,2898550,33333333,11896875,65,6.92,0.5117707,1
5071689917224,2836.0657,2836.0657,46055,2898550,33333333,11896875,65,6.92,0.5117707,1
5071723211964,2836.0657,2836.0657,46056,2898550,33333333,11896875,65,6.92,0.5117707,1
5071756506703,2836.0657,2836.0657,46057,2898550,33333333,11896875,65,6.92,0.5117707,1
5071789801391,2836.0657,2836.0657,46058,2898550,33333333,11896875,65,6.92,0.5117707,1
5071823096130,2836.0657,2836.0657,46059,2898550,33333333,11896875,65,6.92,0.5117707,1
5071856390870,2836.0657,2836.0657,46060,2898550,33333333,11896875,65,6.92,0.5117707,1
5071889685609,2836.0657,2836.0657,46061,2898550,33333333,11896875,65,6.92,0.5117707,1
5071922980297,2836.0657,2836.0657,46062,2898550,33333333,11896875,65,6.92,0.5117707,1
5071956275036,2836.0657,2836.0657,46063,2898550,33333333,11896875,65,6.92,0.5117707,1
5071989569776,2836.0657,2836.0657,46064,2898550,33333333,11896875,65,6.92,0.5117707,1
5072022864516,2836.0657,2836.0657,46065,2898550,33333333,11896875,65,6.92,0.5117707,1
5072056159203,2836.0657,2836.0657,46066,2898550,33333333,11896875,65,6.92,0.5117707,1
5072089453943,2836.0657,2836.0657,46067,2898550,33333333,11896875,65,6.92,0.5117707,1
5072122748682,2836.0657,2836.0657,46068,2898550,33333333,11896875,65,6.92,0.5117707,1
5072156043422,2836.0657,2836.0657,46069,2898550,33333333,11896875,65,6.92,0.5117707,1
5072189338109,2836.0657,2836.0657,46070,2898550,33333333,11896875,65,6.92,0.5117707,1
5072222632849,2836.0657,2836.0657,46071,2898550,33333333,11896875,65,6.92,0.5117707,1
5072255927589,2836.0657,2836.0657,46072,2898550,33333333,11896875,65,6.92,0.5117707,1
5072289222328,2836.0657,2836.0657,46073,2898550,33333333,11896875,65,6.92,0.5117707,1
5072322517068,2836.0657,2836.0657,46074,2898550,33333333,11896875,65,6.92,0.5117707,1
5072355811755,2836.0657,2836.0657,46075,2898550,33333333,11896875,65,6.92,0.5117707,1
5072389106495,2836.0657,2836.0657,46076,2898550,33333333,11896875,65,6.92,0.5117707,1
5072422401234,2836.0657,2836.0657,46077,2898550,33333333,11896875,65,6.92,0.5117707,1
5072455695922,2836.0657,2836.0657,46078,2898550,33333333,11896875,65,6.92,0.5117707,1
5072488990661,2836.0657,2836.0657,46079,2898550,33333333,11896875,65,6.92,0.5117707,1
5072522285401,2836.0657,2836.0657,46080,2898550,33333333,11896875,65,6.92,0.5117707,1
5072555580141,2836.0657,2836.0657,46081,2898550,33333333,11896875,65,6.92,0.5117707,1
5072588874828,2836.0657,2836.0657,46082,2898550,33333333,11896875,65,6.92,0.5117707,1
5072622169568,2836.0657,2836.0657,46083,2898550,33333333,11896875,65,6.92,0.5117707,1
5072655464307,2836.0657,2836.0657,46084,2898550,33333333,11896875,65,6.92,0.5117707,1
5072688759047,2836.0657,2836.0657,46085,2898550,33333333,11896875,65,6.92,0.5117707,1
5072722053734,2836.0657,2836.0657,46086,2898550,33333333,11896875,65,6.92,0.5117707,1
5072755348474,2836.0657,2836.0657,46087,2898550,33333333,11896875,65,6.92,0.5117707,1
5072788643214,2836.0657,2836.0657,46088,2898550,33333333,11896875,65,6.92,0.5117707,1
5072821937953,2836.0657,2836.0657,46089,2898550,33333333,11896875,65,6.92,0.5117707,1
5072855232641,2836.0657,2836.0657,46090,2898550,33333333,11896875,65,6.92,0.5117707,1
5072888527380,2836.0657,2836.0657,46091,2898550,33333333,11896875,65,6.92,0.5117707,1
5072921822120,2836.0657,2836.0657,46092,2898550,33333333,11896875,65,6.92,0.5117707,1
5072955116859,2836.0657,2836.0657,46093,2898550,33333333,11896875,65,6.92,0.5117707,1
5072988411547,2836.0657,2836.0657,46094,2898550,33333333,11896875,65,6.92,0.5117707,1
5073021706286,2836.0657,2836.0657,46095,2898550,33333333,11896875,65,6.92,0.5117707,1
5073055001026,2836.0657,2836.0657,46096,2898550,33333333,11896875,65,6.92,0.5117707,1
5073088295766,2836.0657,2836.0657,46097,2898550,33333333,11896875,65,6.92,0.5117707,1
5073121590453,2836.0657,2836.0657,46098,2898550,33333333,11896875,65,6.92,0.5117707,1
5073154885193,2836.0657,2836.0657,46099,2898550,33333333,11896875,65,6.92,0.5117707,1
5073188179932,2836.0657,2836.0657,46100,2898550,33333333,11896875,65,6.92,0.5117707,1
5073221474672,2836.0657,2836.0657,46101,2898550,33333333,11896875,65,6.92,0.5117707,1
5073254769359,2836.0657,2836.0657,46102,2898550,33333333,11896875,65,6.92,0.5117707,1
5073288064099,2836.0657,2836.0657,46103,2898550,33333333,11896875,65,6.92,0.5117707,1
5073321358839,2836.0657,2836.0657,46104,2898550,33333333,11896875,65,6.92,0.5117707,1
5073354653578,2836.0657,2836.0657,46105,2898550,33333333,11896875,65,6.92,0.5117707,1
5073387948266,2836.0657,2836.0657,46106,2898550,33333333,11896875,65,6.92,0.5117707,1
5073421243005,2836.0657,2836.0657,46107,2898550,33333333,11896875,65,6.92,0.5117707,1
5073454537745,2836.0657,2836.0657,46108,2898550,33333333,11896875,65,6.92,0.5117707,1
5073487832484,2836.0657,2836.0657,46109,2898550,33333333,11896875,65,6.92,0.5117707,1
5073521127172,2836.0657,2836.0657,46110,2898550,33333333,11896875,65,6.92,0.5117707,1
5073554421911,2836.0657,2836.0657,46111,2898550,33333333,11896875,65,6.92,0.5117707,1
5073587716651,2836.0657,2836.0657,46112,2898550,33333333,11896875,65,6.92,0.5117707,1
5073621011391,2836.0657,2836.0657,46113,2898550,33333333,11896875,65,6.92,0.5117707,1
5073654306130,2836.0657,2836.0657,46114,2898550,33333333,11896875,65,6.92,0.5117707,1
5073687600818,2836.0657,2836.0657,46115,2898550,33333333,11896875,65,6.92,0.5117707,1
5073720895557,2836.0657,2836.0657,46116,2898550,33333333,11896875,65,6.92,0.5117707,1
5073754190297,2836.0657,2836.0657,46117,2898550,33333333,11896875,65,6.92,0.5117707,1
5073787484984,2836.0657,2836.0657,46118,2898550,33333333,11896875,65,6.92,0.5117707,1
5073820779724,2836.0657,2836.0657,46119,2898550,33333333,11896875,65,6.92,0.5117707,1
5073854074464,2836.0657,2836.0657,46120,2898550,33333333,11896875,65,6.92,0.5117707,1
5073887369203,2836.0657,2836.0657,46121,2898550,33333333,11896875,65,6.92,0.5117707,1
5073920663943,2836.0657,2836.0657,46122,2898550,33333333,11896875,65,6.92,0.5117707,1
5073953958630,2836.0657,2836.0657,46123,2898550,33333333,11896875,65,6.92,0.5117707,1
5073987253370,2836.0657,2836.0657,46124,2898550,33333333,11896875,65,6.92,0.5117707,1
5074020548109,2836.0657,2836.0657,46125,2898550,33333333,11896875,65,6.92,0.5117707,1
5074053842797,2836.0657,2836.0657,46126,2898550,33333333,11896875,65,6.92,0.5117707,1
5074087137536,2836.0657,2836.0657,46127,2898550,33333333,11896875,65,6.92,0.5117707,1
5074120432276,2836.0657,2836.0657,46128,2898550,33333333,11896875,65,6.92,0.5117707,1
5074153727016,2836.0657,2836.0657,46129,2898550,33333333,11896875,65,6.92,0.5117707,1
5074187021703,2836.0657,2836.0657,46130,2898550,33333333,11896875,65,6.92,0.5117707,1
5074220316443,2836.0657,2836.0657,46131,2898550,33333333,11896875,65,6.92,0.5117707,1
5074253611182,2836.0657,2836.0657,46132,2898550,33333333,11896875,65,6.92,0.5117707,1
5074286905922,2836.0657,2836.0657,46133,2898550,33333333,11896875,65,6.92,0.5117707,1
5074320200609,2836.0657,2836.0657,46134,2898550,33333333,11896875,65,6.92,0.5117707,1
5074353495349,2836.0657,2836.0657,46135,2898550,33333333,11896875,65,6.92,0.5117707,1
5074386790089,2836.0657,2836.0657,46136,2898550,33333333,11896875,65,6.92,0.5117707,1
5074420084828,2836.0657,2836.0657,46137,2898550,33333333,11896875,65,6.92,0.5117707,1
5074453379516,2836.0657,2836.0657,46138,2898550,33333333,11896875,65,6.92,0.5117707,1
5074486674255,2836.0657,2836.0657,46139,2898550,33333333,11896875,65,6.92,0.5117707,1
5074519968995,2836.0657,2836.0657,46140,2898550,33333333,11896875,65,6.92,0.5117707,1
5074553263734,2836.0657,2836.0657,46141,2898550,33333333,11896875,65,6.92,0.5117707,1
5074586558422,2836.0657,2836.0657,46142,2898550,33333333,11896875,65,6.92,0.5117707,1
5074619853161,2836.0657,2836.0657,46143,2898550,33333333,11896875,65,6.92,0.5117707,1
5074653147901,2836.0657,2836.0657,46144,2898550,33333333,11896875,65,6.92,0.5117707,1
5074686442641,2836.0657,2836.0657,46145,2898550,33333333,11896875,65,6.92,0.5117707,1
5074719737328,2836.0657,2836.0657,46146,2898550,33333333,11896875,65,6.92,0.5117707,1
5074753032068,2836.0657,2836.0657,46147,2898550,33333333,11896875,65,6.92,0.5117707,1
5074786326807,2836.0657,2836.0657,46148,2898550,33333333,11896875,65,6.92,0.5117707,1
5074819621547,2836.0657,2836.0657,46149,2898550,33333333,11896875,65,6.92,0.5117707,1
5074852916234,2836.0657,2836.0657,46150,2898550,33333333,11896875,65,6.92,0.5117707,1
5074886210974,2836.0657,2836.0657,46151,2898550,33333333,11896875,65,6.92,0.5117707,1
5074919505714,2836.0657,2836.0657,46152,2898550,33333333,11896875,65,6.92,0.5117707,1
5074952800453,2836.0657,2836.0657,46153,2898550,33333333,11896875,65,6.92,0.5117707,1
5074986095141,2836.0657,2836.0657,46154,2898550,33333333,11896875,65,6.92,0.5117707,1
5075019389880,2836.0657,2836.0657,46155,2898550,33333333,11896875,65,6.92,0.5117707,1
5075052684620,2836.0657,2836.0657,46156,2898550,33333333,11896875,65,6.92,0.5117707,1
5075085979359,2836.0657,2836.0657,46157,2898550,33333333,11896875,65,6.92,0.5117707,1
5075119274047,2836.0657,2836.0657,46158,2898550,33333333,11896875,65,6.92,0.5117707,1
5075152568786,2836.0657,2836.0657,46159,2898550,33333333,11896875,65,6.92,0.5117707,1
5075185863526,2836.0657,2836.0657,46160,2898550,33333333,11896875,65,6.92,0.5117707,1
5075219158266,2836.0657,2836.0657,46161,2898550,33333333,11896875,65,6.92,0.5117707,1
5075252452953,2836.0657,2836.0657,46162,2898550,33333333,11896875,65,6.92,0.5117707,1
5075285747693,2836.0657,2836.0657,46163,2898550,33333333,11896875,65,6.92,0.5117707,1
5075319042432,2836.0657,2836.0657,46164,2898550,33333333,11896875,65,6.92,0.5117707,1
5075352337172,2836.0657,2836.0657,46165,2898550,33333333,11896875,65,6.92,0.5117707,1
5075385631859,2836.0657,2836.0657,46166,2898550,33333333,11896875,65,6.92,0.5117707,1
5075418926599,2836.0657,2836.0657,46167,2898550,33333333,11896875,65,6.92,0.5117707,1
5075452221339,2836.0657,2836.0657,46168,2898550,33333333,11896875,65,6.92,0.5117707,1
5075485516078,2836.0657,2836.0657,46169,2898550,33333333,11896875,65,6.92,0.5117707,1
